Workbook

Sheet Constituency_Upazila_Map
A1: Constituency | B1: Upazila | C1: District
A2: Panchagarh-1 | B2: Panchagarh Sadar | C2: Panchagarh
A3: Panchagarh-1 | B3: Tetulia | C3: Panchagarh
A4: Panchagarh-1 | B4: Atwari | C4: Panchagarh
A5: Panchagarh-2 | B5: Boda | C5: Panchagarh
A6: Panchagarh-2 | B6: Debiganj | C6: Panchagarh
A7: Thakurgaon-1 | B7: Thakurgaon Sadar | C7: Thakurgaon
A8: Thakurgaon-2 | B8: Baliadangi | C8: Thakurgaon
A9: Thakurgaon-2 | B9: Haripur | C9: Thakurgaon
A10: Thakurgaon-2 | B10: Ranisankail | C10: Thakurgaon
A11: Thakurgaon-3 | B11: Pirganj | C11: Thakurgaon
A12: Thakurgaon-3 | B12: Ranisankail | C12: Thakurgaon
... A497: Bandarban-1 | B497: Ruma | C497: Bandarban

Sheet Population_data
A1: District | B1: Upazila | C1: Area_sqkm | D1: Population | E1: Population_Density | F1: Household_Size | G1: Literacy_Rate | H1: Merge_Key
A2: Barguna | B2: Amtali | C2: 483 | D2: 214436 | E2: 443.97 | F2: 3.97 | G2: 73.23 | H2: =TRIM(A2)&"|"&TRIM(B2) -> Barguna|Amtali
A3: Barguna | B3: Bamna | C3: 99.85 | D3: 78942 | E3: 790.61 | F3: 3.76 | G3: 82.51 | H3: =TRIM(A3)&"|"&TRIM(B3) -> Barguna|Bamna
A4: Barguna | B4: Barguna Sadar | C4: 454.6 | D4: 294350 | E4: 647.49 | F4: 3.95 | G4: 82.28 | H4: =TRIM(A4)&"|"&TRIM(B4) -> Barguna|Barguna Sadar
A5: Barguna | B5: Betagi | C5: 135.2 | D5: 125464 | E5: 927.99 | F5: 4 | G5: 82.5 | H5: =TRIM(A5)&"|"&TRIM(B5) -> Barguna|Betagi
A6: Barguna | B6: Patharghata | C6: 387.5 | D6: 177875 | E6: 459.03 | F6: 3.76 | G6: 84.67 | H6: =TRIM(A6)&"|"&TRIM(B6) -> Barguna|Patharghata
A7: Barguna | B7: Taltali | C7: 336 | D7: 119394 | E7: 355.34 | F7: 4.03 | G7: 80.77 | H7: =TRIM(A7)&"|"&TRIM(B7) -> Barguna|Taltali
A8: Barisal | B8: Agailjhara | C8: 161.82 | D8: 156415 | E8: 966.6 | F8: 4.04 | G8: 82.1 | H8: =TRIM(A8)&"|"&TRIM(B8) -> Barisal|Agailjhara
A9: Barisal | B9: Babuganj | C9: 190.4 | D9: 154546 | E9: 811.69 | F9: 4.01 | G9: 81.09 | H9: =TRIM(A9)&"|"&TRIM(B9) -> Barisal|Babuganj
A10: Barisal | B10: Bakerganj | C10: 259.56 | D10: 356012 | E10: 1371.6 | F10: 3.96 | G10: 79.93 | H10: =TRIM(A10)&"|"&TRIM(B10) -> Barisal|Bakerganj
A11: Barisal | B11: Banaripara | C11: 160.13 | D11: 169874 | E11: 1060.85 | F11: 4.09 | G11: 83.84 | H11: =TRIM(A11)&"|"&TRIM(B11) -> Barisal|Banaripara
A12: Barisal | B12: Gaurnadi | C12: 248.58 | D12: 205876 | E12: 828.21 | F12: 4.09 | G12: 78.25 | H12: =TRIM(A12)&"|"&TRIM(B12) -> Barisal|Gaurnadi
A13: Barisal | B13: Hizla | C13: 210.16 | D13: 150666 | E13: 716.91 | F13: 4.26 | G13: 69.83 | H13: =TRIM(A13)&"|"&TRIM(B13) -> Barisal|Hizla
... A496: Sylhet | B496: Zakiganj | C496: 517.81 | D496: 267309 | E496: 516.23 | F496: 5.28 | G496: 76.25 | H496: =TRIM(A496)&"|"&TRIM(B496) -> Sylhet|Zakiganj

Sheet Crime_Data
A1: Crime_Unit | B1: Dacoity | C1: Robbery | D1: Murder | E1: Speedy_Trial | F1: Riot | G1: Woman_Child_Repression | H1: Kidnapping | I1: Police_Assault | J1: Burglary | K1: Theft | L1: Other_Cases | M1: Arms_Act | N1: Explosive_Act | O1: Narcotics | P1: Smuggling | Q1: Recovery_Total | R1: Total_Cases | S1: Violent_Cases | T1: Property_Cases | U1: Population_2022 | V1: Total_Crime_per_100k | W1: Violent_Crime_per_100k
A2: DMP | B2: 41 | C2: 248 | D2: 339 | E2: 231 | F2: 83 | G2: 1460 | H2: 132 | I2: 95 | J2: 607 | K2: 1568 | L2: 6483 | M2: 78 | N2: 51 | O2: 6407 | P2: 141 | Q2: 6677 | R2: 17964 | S2: =B2+C2+D2+F2+G2+H2+I2 -> 2398 | T2: =B2+C2+J2+K2 -> 2464 | U2: 10295786 | V2: =IF(U2="","",R2/U2*100000) -> 174.47915 | W2: =IF(U2="","",S2/U2*100000) -> 23.291082
A3: CMP | B3: 11 | C3: 98 | D3: 90 | E3: 76 | F3: 12 | G3: 399 | H3: 40 | I3: 40 | J3: 149 | K3: 349 | L3: 1766 | M3: 31 | N3: 5 | O3: 1555 | P3: 38 | Q3: 1629 | R3: 4659 | S3: =B3+C3+D3+F3+G3+H3+I3 -> 690 | T3: =B3+C3+J3+K3 -> 607 | U3: 3230507 | V3: =IF(U3="","",R3/U3*100000) -> 144.21885 | W3: =IF(U3="","",S3/U3*100000) -> 21.358876
A4: KMP | B4: 4 | C4: 17 | D4: 24 | E4: 7 | F4: 0 | G4: 179 | H4: 11 | I4: 9 | J4: 47 | K4: 127 | L4: 477 | M4: 24 | N4: 3 | O4: 1108 | P4: 8 | Q4: 1143 | R4: 2045 | S4: =B4+C4+D4+F4+G4+H4+I4 -> 244 | T4: =B4+C4+J4+K4 -> 195 | U4: 719557 | V4: =IF(U4="","",R4/U4*100000) -> 284.20264 | W4: =IF(U4="","",S4/U4*100000) -> 33.909753
A5: RMP | B5: 2 | C5: 32 | D5: 16 | E5: 9 | F5: 1 | G5: 190 | H5: 14 | I5: 16 | J5: 44 | K5: 120 | L5: 666 | M5: 6 | N5: 45 | O5: 1215 | P5: 6 | Q5: 1272 | R5: 2382 | S5: =B5+C5+D5+F5+G5+H5+I5 -> 271 | T5: =B5+C5+J5+K5 -> 198 | U5: 553288 | V5: =IF(U5="","",R5/U5*100000) -> 430.5172 | W5: =IF(U5="","",S5/U5*100000) -> 48.979916
A6: BMP | B6: 2 | C6: 7 | D6: 15 | E6: 17 | F6: 2 | G6: 174 | H6: 8 | I6: 10 | J6: 65 | K6: 81 | L6: 687 | M6: 3 | N6: 4 | O6: 467 | P6: 3 | Q6: 477 | R6: 1545 | S6: =B6+C6+D6+F6+G6+H6+I6 -> 218 | T6: =B6+C6+J6+K6 -> 155 | U6: 419484 | V6: =IF(U6="","",R6/U6*100000) -> 368.30964 | W6: =IF(U6="","",S6/U6*100000) -> 51.968609
A7: SMP | B7: 7 | C7: 10 | D7: 24 | E7: 75 | F7: 0 | G7: 161 | H7: 11 | I7: 23 | J7: 59 | K7: 95 | L7: 723 | M7: 5 | N7: 37 | O7: 356 | P7: 168 | Q7: 566 | R7: 1754 | S7: =B7+C7+D7+F7+G7+H7+I7 -> 236 | T7: =B7+C7+J7+K7 -> 171 | U7: 532839 | V7: =IF(U7="","",R7/U7*100000) -> 329.18011 | W7: =IF(U7="","",S7/U7*100000) -> 44.291052
A8: RPMP | B8: 1 | C8: 14 | D8: 10 | E8: 5 | F8: 0 | G8: 79 | H8: 36 | I8: 2 | J8: 0 | K8: 91 | L8: 525 | M8: 5 | N8: 0 | O8: 444 | P8: 3 | Q8: 452 | R8: 1215 | S8: =B8+C8+D8+F8+G8+H8+I8 -> 142 | T8: =B8+C8+J8+K8 -> 106 | U8: 708570 | V8: =IF(U8="","",R8/U8*100000) -> 171.47212 | W8: =IF(U8="","",S8/U8*100000) -> 20.040363
A9: GMP | B9: 23 | C9: 46 | D9: 89 | E9: 13 | F9: 0 | G9: 319 | H9: 31 | I9: 22 | J9: 61 | K9: 125 | L9: 971 | M9: 10 | N9: 9 | O9: 906 | P9: 7 | Q9: 932 | R9: 2632 | S9: =B9+C9+D9+F9+G9+H9+I9 -> 530 | T9: =B9+C9+J9+K9 -> 255 | U9: 2677715 | V9: =IF(U9="","",R9/U9*100000) -> 98.292761 | W9: =IF(U9="","",S9/U9*100000) -> 19.792995
A10: Dhaka Range | B10: 178 | C10: 273 | D10: 803 | E10: 177 | F10: 2 | G10: 2928 | H10: 86 | I10: 130 | J10: 464 | K10: 1084 | L10: 12672 | M10: 136 | N10: 77 | O10: 8157 | P10: 31 | Q10: 8401 | R10: 27198 | S10: =B10+C10+D10+F10+G10+H10+I10 -> 4400 | T10: =B10+C10+J10+K10 -> 1999 | U10: 31242258 | V10: =IF(U10="","",R10/U10*100000) -> 87.055167 | W10: =IF(U10="","",S10/U10*100000) -> 14.083489
A11: Mymensingh Range | B11: 6 | C11: 42 | D11: 228 | E11: 72 | F11: 0 | G11: 1332 | H11: 32 | I11: 27 | J11: 68 | K11: 485 | L11: 5216 | M11: 28 | N11: 10 | O11: 2398 | P11: 416 | Q11: 2852 | R11: 10360 | S11: =B11+C11+D11+F11+G11+H11+I11 -> 1667 | T11: =B11+C11+J11+K11 -> 601 | U11: 12225449 | V11: =IF(U11="","",R11/U11*100000) -> 84.741264 | W11: =IF(U11="","",S11/U11*100000) -> 13.635491
A12: Chittagong Range | B12: 89 | C12: 263 | D12: 570 | E12: 112 | F12: 19 | G12: 1957 | H12: 88 | I12: 104 | J12: 419 | K12: 1169 | L12: 12186 | M12: 517 | N12: 85 | O12: 7580 | P12: 282 | Q12: 8464 | R12: 25440 | S12: =B12+C12+D12+F12+G12+H12+I12 -> 3090 | T12: =B12+C12+J12+K12 -> 1940 | U12: 29971850 | V12: =IF(U12="","",R12/U12*100000) -> 84.879645 | W12: =IF(U12="","",S12/U12*100000) -> 10.309674
A13: Sylhet Range | B13: 30 | C13: 49 | D13: 210 | E13: 59 | F13: 0 | G13: 666 | H13: 15 | I13: 40 | J13: 83 | K13: 537 | L13: 4414 | M13: 16 | N13: 5 | O13: 1185 | P13: 489 | Q13: 1695 | R13: 7798 | S13: =B13+C13+D13+F13+G13+H13+I13 -> 1010 | T13: =B13+C13+J13+K13 -> 699 | U13: 10502113 | V13: =IF(U13="","",R13/U13*100000) -> 74.251724 | W13: =IF(U13="","",S13/U13*100000) -> 9.6171123
... A17: Rangpur Range | B17: 17 | C17: 48 | D17: 230 | E17: 36 | F17: 0 | G17: 2200 | H17: 47 | I17: 23 | J17: 150 | K17: 719 | L17: 8928 | M17: 18 | N17: 4 | O17: 4731 | P17: 74 | Q17: 4827 | R17: 17225 | S17: =B17+C17+D17+F17+G17+H17+I17 -> 2565 | T17: =B17+C17+J17+K17 -> 934 | U17: 16902385 | V17: =IF(U17="","",R17/U17*100000) -> 101.9087 | W17: =IF(U17="","",S17/U17*100000) -> 15.175373
A18: Railway Range | B18: 2 | C18: 26 | D18: 12 | E18: 2 | F18: 0 | G18: 7 | H18: 0 | I18: 0 | J18: 0 | K18: 148 | L18: 221 | M18: 6 | N18: 0 | O18: 212 | P18: 7 | Q18: 225 | R18: 643 | S18: =B18+C18+D18+F18+G18+H18+I18 -> 47 | T18: =B18+C18+J18+K18 -> 176 | V18: =IF(U18="","",R18/U18*100000) | W18: =IF(U18="","",S18/U18*100000)
A19: Total | B19: 490 | C19: 1412 | D19: 3432 | E19: 1226 | F19: 125 | G19: 17571 | H19: 642 | I19: 643 | J19: 2655 | K19: 8655 | L19: 78354 | M19: 1388 | N19: 611 | O19: 52717 | P19: 2084 | Q19: 56800 | R19: 172005 | S19: =B19+C19+D19+F19+G19+H19+I19 -> 24315 | T19: =B19+C19+J19+K19 -> 13212 | U19: 165158616 | V19: =IF(U19="","",R19/U19*100000) -> 104.14534 | W19: =IF(U19="","",S19/U19*100000) -> 14.722211

Sheet District_Crime_Unit_Map
A1: District | B1: Crime_Unit
A2: Bagerhat | B2: Khulna Range
A3: Bandarban | B3: Chittagong Range
A4: Barguna | B4: Barishal Range
A5: Barishal | B5: Barishal Range
A6: Bhola | B6: Barishal Range
A7: Bogura | B7: Rajshahi Range
A8: Brahmanbaria | B8: Chittagong Range
A9: Chandpur | B9: Chittagong Range
A10: Chapainawabganj | B10: Rajshahi Range
A11: Chattogram | B11: Chittagong Range
A12: Chuadanga | B12: Khulna Range
... A83: Cox's Bazar | B83: Chittagong Range

Sheet Election_Data
A1: Constituency_ID | B1: Division | C1: Constituency | D1: Winner | E1: Party | F1: Party_binary | G1: Votes | H1: Runner_Up | I1: Runner_Party | J1: Runner_Votes | K1: Margin_Votes | L1: Margin_Percent
A2: 1 | B2: Rangpur | C2: Panchagarh-1 | D2: Muhammad Nawshad Zamir | E2: BNP | F2: =IF(E2="Jamaat",1,0) -> 0 | G2: 176169 | H2: Sarjis Alam | I2: NCP | J2: 168049 | K2: 8120
A3: 2 | C3: Panchagarh-2 | D3: Farhad Hossain Azad | E3: BNP | F3: =IF(E3="Jamaat",1,0) -> 0 | G3: 174650 | H3: Md. Shafiul Alam | I3: Jamaat | J3: 128862 | K3: 45788
A4: 3 | C4: Thakurgaon-1 | D4: Mirza Fakhrul Islam Alamgir | E4: BNP | F4: =IF(E4="Jamaat",1,0) -> 0 | G4: 238836 | H4: Delawar Hossain | I4: Jamaat | J4: 141017 | K4: 97819
A5: 4 | C5: Thakurgaon-2 | D5: Abdus Salam | E5: BNP | F5: =IF(E5="Jamaat",1,0) -> 0 | G5: 121017 | H5: Md. Abdul Hakim | I5: Jamaat | J5: 115707 | K5: 5310
A6: 5 | C6: Thakurgaon-3 | D6: Jahidur Rahman | E6: BNP | F6: =IF(E6="Jamaat",1,0) -> 0 | G6: 132797 | H6: Md. Mizanur Rahman | I6: Jamaat | J6: 91934 | K6: 40863
A7: 6 | C7: Dinajpur-1 | D7: Md. Manjurul Islam | E7: BNP | F7: =IF(E7="Jamaat",1,0) -> 0 | G7: 179314 | H7: Md. Matiur Rahman | I7: Jamaat | J7: 117481 | K7: 61833
A8: 7 | C8: Dinajpur-2 | D8: Md. Sadiq Riaz | E8: BNP | F8: =IF(E8="Jamaat",1,0) -> 0 | G8: 144317 | H8: A. K. M. Afzalul Anam | I8: Jamaat | J8: 101831 | K8: 42486
A9: 8 | C9: Dinajpur-3 | D9: Syed Jahangir Alam | E9: BNP | F9: =IF(E9="Jamaat",1,0) -> 0 | G9: 139207 | H9: Md. Mainul Alam | I9: Jamaat | J9: 134618 | K9: 4589
A10: 9 | C10: Dinajpur-4 | D10: Md. Akhtaruzzaman Mia | E10: BNP | F10: =IF(E10="Jamaat",1,0) -> 0 | G10: 165577 | H10: Md. Aftab Uddin Mollah | I10: Jamaat | J10: 127666 | K10: 37911
A11: 10 | C11: Dinajpur-5 | D11: A. Z. M. Rezwanul Haque | E11: IND | F11: =IF(E11="Jamaat",1,0) -> 0 | G11: 113650 | H11: Md. Abdul Ahad | I11: NCP | J11: 108948 | K11: 4702
A12: 11 | C12: Dinajpur-6 | D12: A. Z. M. Zahid Hossain | E12: BNP | F12: =IF(E12="Jamaat",1,0) -> 0 | G12: 203887 | H12: Md. Anwarul Islam | I12: Jamaat | J12: 188719 | K12: 15168
A13: 12 | C13: Nilphamari-1 | D13: Md. Abdus Sattar | E13: Jamaat | F13: =IF(E13="Jamaat",1,0) -> 1 | G13: 149224 | H13: Md. Manjurul Islam | I13: JUIB | J13: 118160 | K13: 31064
A14: 13 | C14: Nilphamari-2 | D14: Alfaruk Abdul Latif | E14: Jamaat | F14: =IF(E14="Jamaat",1,0) -> 1 | G14: 145202 | H14: Shahrin Islam Tuhin | I14: BNP | J14: 134579 | K14: 10623
... A34: 33 | C34: Gaibandha-5 | D34: Md. Abdul Warres | E34: Jamaat | F34: =IF(E34="Jamaat",1,0) -> 1 | G34: 89274 | H34: Md. Farooq Alam Sarkar | I34: BNP | J34: 73483 | K34: 15791
A35: 34 | B35: Rajshahi | C35: Joypurhat-1 | D35: Md. Fazlur Rahman Sayeed | E35: Jamaat | F35: =IF(E35="Jamaat",1,0) -> 1 | G35: 165192 | H35: Md. Masud Rana Pradhan | I35: BNP | J35: 155309 | K35: 9883
A36: 35 | C36: Joypurhat-2 | D36: Md. Abdul Bari | E36: BNP | F36: =IF(E36="Jamaat",1,0) -> 0 | G36: 158065 | H36: SM Rashedul Alam | I36: Jamaat | J36: 92517 | K36: 65548
A37: 36 | C37: Bogra-1 | D37: Kazi Rafiqul Islam | E37: BNP | F37: =IF(E37="Jamaat",1,0) -> 0 | G37: 171440 | H37: Md. Shahabuddin | I37: Jamaat | J37: 57959 | K37: 113481
A38: 37 | C38: Bogra-2 | D38: Mir Shahe Alam | E38: BNP | F38: =IF(E38="Jamaat",1,0) -> 0 | G38: 145024 | H38: Abul Azad Md Shahaduzzaman | I38: Jamaat | J38: 93548 | K38: 51476
A39: 38 | C39: Bogra-3 | D39: Md. Abdul Mohit Talukder | E39: BNP | F39: =IF(E39="Jamaat",1,0) -> 0 | G39: 127406 | H39: Noor Mohammad | I39: Jamaat | J39: 111026 | K39: 16380
A40: 39 | C40: Bogra-4 | D40: Md. Mosharraf Hossain | E40: BNP | F40: =IF(E40="Jamaat",1,0) -> 0 | G40: 155339 | H40: Md. Mustafa Faisal | I40: Jamaat | J40: 108978 | K40: 46361
A41: 40 | C41: Bogra-5 | D41: Gholam Mohammad Siraj | E41: BNP | F41: =IF(E41="Jamaat",1,0) -> 0 | G41: 248841 | H41: Md. Dabibur Rahman | I41: Jamaat | J41: 143329 | K41: 105512
A42: 41 | C42: Bogra-6 | D42: Tarique Rahman | E42: BNP | F42: =IF(E42="Jamaat",1,0) -> 0 | G42: 216284 | H42: Md. Abidur Rahman | I42: Jamaat | J42: 97626 | K42: 118658
A43: 42 | C43: Bogra-7 | D43: Morshed Milton | E43: BNP | F43: =IF(E43="Jamaat",1,0) -> 0 | G43: 264212 | H43: Md. Golam Rabbani | I43: Jamaat | J43: 116665 | K43: 147547
A44: 43 | C44: Chapai Nawabganj-1 | D44: Md. Keramat Ali | E44: Jamaat | F44: =IF(E44="Jamaat",1,0) -> 1 | G44: 206893 | H44: Md. Shahjahan Mia | I44: BNP | J44: 162515 | K44: 44378
A45: 44 | C45: Chapai Nawabganj-2 | D45: Md. Mizanur Rahman | E45: Jamaat | F45: =IF(E45="Jamaat",1,0) -> 1 | G45: 171227 | H45: Md. Aminul Islam | I45: BNP | J45: 155119 | K45: 16108
A46: 45 | C46: Chapai Nawabganj-3 | D46: Md. Nurul Islam | E46: Jamaat | F46: =IF(E46="Jamaat",1,0) -> 1 | G46: 189640 | H46: Harunur Rashid | I46: BNP | J46: 127037 | K46: 62603
A47: 46 | C47: Naogaon-1 | D47: Md. Mostafizur Rahman | E47: BNP | F47: =IF(E47="Jamaat",1,0) -> 0 | G47: 173864 | H47: Md. Mahbubul Alam | I47: Jamaat | J47: 153816 | K47: 20048
... A73: 72 | C73: Pabna-5 | D73: Shamsur Rahman Simul Biswas | E73: BNP | F73: =IF(E73="Jamaat",1,0) -> 0 | G73: 181925 | H73: Md. Iqbal Hossain | I73: Jamaat | J73: 164994 | K73: 16931
A74: 73 | B74: Khulna | C74: Meherpur-1 | D74: Md. Tajuddin Khan | E74: Jamaat | F74: =IF(E74="Jamaat",1,0) -> 1 | G74: 123271 | H74: Masood Arun | I74: BNP | J74: 105441 | K74: 17830
A75: 74 | C75: Meherpur-2 | D75: Md. Nazmul Huda | E75: Jamaat | F75: =IF(E75="Jamaat",1,0) -> 1 | G75: 96306 | H75: Md. Amjad Hossain | I75: BNP | J75: 85988 | K75: 10318
A76: 75 | C76: Kushtia-1 | D76: Reza Ahmed | E76: BNP | F76: =IF(E76="Jamaat",1,0) -> 0 | G76: 165909 | H76: Md. Belal Uddin | I76: Jamaat | J76: 86682 | K76: 79227
A77: 76 | C77: Kushtia-2 | D77: Abdul Ghafoor | E77: Jamaat | F77: =IF(E77="Jamaat",1,0) -> 1 | G77: 192083 | H77: Ragib Rauf Chowdhury | I77: BNP | J77: 143821 | K77: 48262
A78: 77 | C78: Kushtia-3 | D78: Amir Hamza | E78: Jamaat | F78: =IF(E78="Jamaat",1,0) -> 1 | G78: 180690 | H78: Md. Zakir Hossain Sarkar | I78: BNP | J78: 126909 | K78: 53781
A79: 78 | C79: Kushtia-4 | D79: Md. Afjal Hossain | E79: Jamaat | F79: =IF(E79="Jamaat",1,0) -> 1 | G79: 148201 | H79: Syed Mehdi Ahmed Rumi | I79: BNP | J79: 139603 | K79: 8598
A80: 79 | C80: Chuadanga-1 | D80: Md. Masood Parvez | E80: Jamaat | F80: =IF(E80="Jamaat",1,0) -> 1 | G80: 211041 | H80: Md. Sharifuzzaman | I80: BNP | J80: 153193 | K80: 57848
A81: 80 | C81: Chuadanga-2 | D81: Md. Ruhul Amin | E81: Jamaat | F81: =IF(E81="Jamaat",1,0) -> 1 | G81: 208011 | H81: Mahmud Hasan Khan | I81: BNP | J81: 163877 | K81: 44134
A82: 81 | C82: Jhenaidah-1 | D82: Md. Asaduzzaman | E82: BNP | F82: =IF(E82="Jamaat",1,0) -> 0 | G82: 173381 | H82: Abu Saleh Md. Matiur Rahman | I82: Jamaat | J82: 57055 | K82: 116326
A83: 82 | C83: Jhenaidah-2 | D83: Ali Azam Md. Abu Bakr | E83: Jamaat | F83: =IF(E83="Jamaat",1,0) -> 1 | G83: 195702 | H83: Md. Abdul Majeed | I83: BNP | J83: 175984 | K83: 19718
A84: 83 | C84: Jhenaidah-3 | D84: Md. Motiyar Rahman | E84: Jamaat | F84: =IF(E84="Jamaat",1,0) -> 1 | G84: 175857 | H84: Mohammad Mehdi Hasan | I84: BNP | J84: 149821 | K84: 26036
A85: 84 | C85: Jhenaidah-4 | D85: Md. Abu Talib | E85: Jamaat | F85: =IF(E85="Jamaat",1,0) -> 1 | G85: 105999 | H85: Md. Saiful Islam Feroze | I85: IND | J85: 77104 | K85: 28895
A86: 85 | C86: Jessore-1 | D86: Muhammad Azizur Rahman | E86: Jamaat | F86: =IF(E86="Jamaat",1,0) -> 1 | G86: 119093 | H86: Md. Nuruzzaman Liton | I86: BNP | J86: 93542 | K86: 25551
... A109: 108 | C109: Satkhira-4 | D109: Gazi Nazrul Islam | E109: Jamaat | F109: =IF(E109="Jamaat",1,0) -> 1 | G109: 106913 | H109: Md. Moniruzzaman | I109: BNP | J109: 85426 | K109: 21487
A110: 109 | B110: Barishal | C110: Barguna-1 | D110: Mahmudul Hossain Waliullah | E110: IAB | F110: =IF(E110="Jamaat",1,0) -> 0 | G110: 140291 | H110: Md. Nazrul Islam Mollah | I110: BNP | J110: 136145 | K110: 4146 | L110: 0.0146
A111: 110 | C111: Barguna-2 | D111: Nurul Islam Moni | E111: BNP | F111: =IF(E111="Jamaat",1,0) -> 0 | G111: 90643 | H111: Dr. Sultan Ahmad | I111: Jamaat | J111: 85247 | K111: 5396 | L111: 0.0277
A112: 111 | C112: Patuakhali-1 | D112: Altaf Hossain Chowdhury | E112: BNP | F112: =IF(E112="Jamaat",1,0) -> 0 | G112: 152087 | H112: Md Feroze Alam | I112: IAB | J112: 58161 | K112: 93926
A113: 112 | C113: Patuakhali-2 | D113: Shafiqul Islam Masud | E113: Jamaat | F113: =IF(E113="Jamaat",1,0) -> 1 | G113: 100750 | H113: Md. Shahidul Alam Talukder | I113: BNP | J113: 72676 | K113: 28074
A114: 113 | C114: Patuakhali-3 | D114: Nurul Haque Nur | E114: GOP | F114: =IF(E114="Jamaat",1,0) -> 0 | G114: 97323 | H114: Md Hasan Mamun | I114: IND | J114: 81361 | K114: 15962
A115: 114 | C115: Patuakhali-4 | D115: ABM Mosharraf Hossain | E115: BNP | F115: =IF(E115="Jamaat",1,0) -> 0 | G115: 124013 | H115: Mostafizur Rahman | I115: IAB | J115: 70127 | K115: 53886
A116: 115 | C116: Bhola-1 | D116: Andaleeve Rahman | E116: BJP | F116: =IF(E116="Jamaat",1,0) -> 0 | G116: 105543 | H116: Md. Nazrul Islam | I116: Jamaat | J116: 75337 | K116: 30206
A117: 116 | C117: Bhola-2 | D117: Hafiz Ibrahim | E117: BNP | F117: =IF(E117="Jamaat",1,0) -> 0 | G117: 119085 | H117: Mohammad Fazlul Karim | I117: Jamaat | J117: 93703 | K117: 25382
A118: 117 | C118: Bhola-3 | D118: Hafizuddin Ahmed | E118: BNP | F118: =IF(E118="Jamaat",1,0) -> 0 | G118: 145990 | H118: Muhammad Nizamul Haque | I118: BDP | J118: 57351 | K118: 88639
A119: 118 | C119: Bhola-4 | D119: Mohammad Nurul Islam | E119: BNP | F119: =IF(E119="Jamaat",1,0) -> 0 | G119: 189351 | H119: Mohammad Mustafa Kamal | I119: Jamaat | J119: 81437 | K119: 107914
A120: 119 | C120: Barisal-1 | D120: Zahir Uddin Swapan | E120: BNP | F120: =IF(E120="Jamaat",1,0) -> 0 | G120: 100552 | H120: Md. Kamrul Islam Khan | I120: Jamaat | J120: 46263 | K120: 54289
A121: 120 | C121: Barisal-2 | D121: Sardar Sarfuddin Ahmed | E121: BNP | F121: =IF(E121="Jamaat",1,0) -> 0 | G121: 141622 | H121: Abdul Mannan | I121: Jamaat | J121: 74082 | K121: 67540
A122: 121 | C122: Barisal-3 | D122: Zainul Abedin | E122: BNP | F122: =IF(E122="Jamaat",1,0) -> 0 | G122: 80930 | H122: Asaduzzaman Fuaad | I122: ABP | J122: 61192 | K122: 19738
A123: 122 | C123: Barisal-4 | D123: Md. Rajib Ahsan | E123: BNP | F123: =IF(E123="Jamaat",1,0) -> 0 | G123: 128322 | H123: Mohammad Abdul Jabbar | I123: Jamaat | J123: 74684 | K123: 53638
... A130: 129 | C130: Pirojpur-3 | D130: Md. Ruhul Amin Dulal | E130: BNP | F130: =IF(E130="Jamaat",1,0) -> 0 | G130: 63791 | H130: Md. Shamim Hamidi | I130: NCP | J130: 36616 | K130: 27175
A131: 138 | B131: Mymensingh | C131: Jamalpur-1 | D131: M Rashiduzzaman Millat | E131: BNP | F131: =IF(E131="Jamaat",1,0) -> 0 | G131: 172011 | H131: Muhammad Nazmul Haque Sayeedi | I131: Jamaat | J131: 93661 | K131: 78350
A132: 139 | C132: Jamalpur-2 | D132: A. E. Sultan Mahmud Babu | E132: BNP | F132: =IF(E132="Jamaat",1,0) -> 0 | G132: 95860 | H132: Md. Shamiul Haque | I132: Jamaat | J132: 62434 | K132: 33426
A133: 140 | C133: Jamalpur-3 | D133: Md. Mostafizur Rahman Babul | E133: BNP | F133: =IF(E133="Jamaat",1,0) -> 0 | G133: 207412 | H133: Md. Mujibur Rahman Azadi | I133: Jamaat | J133: 81430 | K133: 125982
A134: 141 | C134: Jamalpur-4 | D134: Md. Faridul Kabir Talukder | E134: BNP | F134: =IF(E134="Jamaat",1,0) -> 0 | G134: 147406 | H134: Mohammad Abdul Awal | I134: Jamaat | J134: 44947 | K134: 102459
A135: 142 | C135: Jamalpur-5 | D135: Shah Md Waresh Ali Mamun | E135: BNP | F135: =IF(E135="Jamaat",1,0) -> 0 | G135: 199344 | H135: Muhammad Abdus Sattar | I135: Jamaat | J135: 113201 | K135: 86143
A136: 143 | C136: Sherpur-1 | D136: Md. Rashedul Islam Rashed | E136: Jamaat | F136: =IF(E136="Jamaat",1,0) -> 1 | G136: 127811 | H136: Sansila Zebrin | I136: BNP | J136: 78342 | K136: 49469
A137: 144 | C137: Sherpur-2 | D137: Mohammad Fahim Chowdhury | E137: BNP | F137: =IF(E137="Jamaat",1,0) -> 0 | G137: 118472 | H137: Md. Golam Kibria | I137: Jamaat | J137: 108335 | K137: 10137
A138: 145 | C138: Sherpur-3 | D138: Election postponed | E138: Election postponed | F138: =IF(E138="Jamaat",1,0) -> 0 | H138: Election postponed | I138: Election postponed
A139: 146 | C139: Mymensingh-1 | D139: Mohammed Salman Omar | E139: IND | F139: =IF(E139="Jamaat",1,0) -> 0 | G139: 108265 | H139: Syed Imran Saleh | I139: BNP | J139: 101926 | K139: 6339
A140: 147 | C140: Mymensingh-2 | D140: Muhammadullah | E140: BKM | F140: =IF(E140="Jamaat",1,0) -> 0 | G140: 144565 | H140: Motahar Hossain Talukder | I140: BNP | J140: 117344 | K140: 27221
A141: 148 | C141: Mymensingh-3 | D141: M Iqbal Hossain | E141: BNP | F141: =IF(E141="Jamaat",1,0) -> 0 | G141: 75320 | H141: Ahmad Taibur Rahman | I141: IND | J141: 65995 | K141: 9325
A142: 149 | C142: Mymensingh-4 | D142: Md. Abu Wahab Akand Wahid | E142: BNP | F142: =IF(E142="Jamaat",1,0) -> 0 | G142: 177891 | H142: Mohammad Kamrul Ahsan | I142: Jamaat | J142: 169580 | K142: 8311
A143: 150 | C143: Mymensingh-5 | D143: Mohammad Zakir Hossain | E143: BNP | F143: =IF(E143="Jamaat",1,0) -> 0 | G143: 128896 | H143: Md. Matiur Rahman Akand | I143: Jamaat | J143: 102228 | K143: 26668
A144: 151 | C144: Mymensingh-6 | D144: Md. Kamrul Hasan | E144: Jamaat | F144: =IF(E144="Jamaat",1,0) -> 1 | G144: 75946 | H144: Akhtar Sultana | I144: IND | J144: 52669 | K144: 23277
A145: 152 | C145: Mymensingh-7 | D145: Md. Mahabubur Rahman | E145: BNP | F145: =IF(E145="Jamaat",1,0) -> 0 | G145: 99049 | H145: Md. Achaduzzaman | I145: Jamaat | J145: 84851 | K145: 14198
A146: 153 | C146: Mymensingh-8 | D146: Lutfulahel Majed | E146: BNP | F146: =IF(E146="Jamaat",1,0) -> 0 | G146: 107577 | H146: Md. Aurangzeb Belal | I146: LDP | J146: 45791 | K146: 61786
A147: 154 | C147: Mymensingh-9 | D147: Yasser Khan Chowdhury | E147: BNP | F147: =IF(E147="Jamaat",1,0) -> 0 | G147: 85761 | H147: AKM Anwarul Islam | I147: BDP | J147: 71168 | K147: 14593
A148: 155 | C148: Mymensingh-10 | D148: Mohammad Aktaruzzaman | E148: BNP | F148: =IF(E148="Jamaat",1,0) -> 0 | G148: 75585 | H148: Abu Bakr Siddiqur Rahman | I148: IND | J148: 67013 | K148: 8572
A149: 156 | C149: Mymensingh-11 | D149: Fakhruddin Ahmed | E149: BNP | F149: =IF(E149="Jamaat",1,0) -> 0 | G149: 111230 | H149: Muhammad Morshed Alam | I149: IND | J149: 66016 | K149: 45214
A150: 157 | C150: Netrokona-1 | D150: Kaiser Kamal | E150: BNP | F150: =IF(E150="Jamaat",1,0) -> 0 | G150: 158343 | H150: Golam Rabbani | I150: BKM | J150: 87488 | K150: 70855
... A154: 161 | C154: Netrokona-5 | D154: Machum Mustafa | E154: Jamaat | F154: =IF(E154="Jamaat",1,0) -> 1 | G154: 82177 | H154: Md. Abu Taher Talukdar | I154: BNP | J154: 79412 | K154: 2765
A155: 130 | B155: Dhaka | C155: Tangail-1 | D155: Fakir Mahbub Anam | E155: BNP | F155: =IF(E155="Jamaat",1,0) -> 0 | G155: 153932 | H155: Muhammad Abdullah Kafi | I155: Jamaat | J155: 94462 | K155: 59470
A156: 131 | C156: Tangail-2 | D156: Abdus Salam Pintu | E156: BNP | F156: =IF(E156="Jamaat",1,0) -> 0 | G156: 198213 | H156: Md. Humayun Kabir | I156: Jamaat | J156: 60871 | K156: 137342
A157: 132 | C157: Tangail-3 | D157: Md. Lutfar Rahman Khan Azad | E157: IND | F157: =IF(E157="Jamaat",1,0) -> 0 | G157: 107901 | H157: SM Obaidul Haque | I157: BNP | J157: 82769 | K157: 25132
A158: 133 | C158: Tangail-4 | D158: Md. Lutfar Rahman | E158: BNP | F158: =IF(E158="Jamaat",1,0) -> 0 | G158: 105342 | H158: Abdul Latif Siddiqui | I158: IND | J158: 62509 | K158: 42833
A159: 134 | C159: Tangail-5 | D159: Sultan Saladin Tuku | E159: BNP | F159: =IF(E159="Jamaat",1,0) -> 0 | G159: 131279 | H159: Ahsan Habib | I159: Jamaat | J159: 80283 | K159: 50996
A160: 135 | C160: Tangail-6 | D160: Md Rabiul Awal | E160: BNP | F160: =IF(E160="Jamaat",1,0) -> 0 | G160: 150952 | H160: AKM Abdul Hamid | I160: Jamaat | J160: 91914 | K160: 59038
A161: 136 | C161: Tangail-7 | D161: Abul Kalam Azad Siddiqui | E161: BNP | F161: =IF(E161="Jamaat",1,0) -> 0 | G161: 141253 | H161: Md Abdullah ibn Abul Hossain | I161: Jamaat | J161: 71040 | K161: 70213
A162: 137 | C162: Tangail-8 | D162: Ahmed Azam Khan | E162: BNP | F162: =IF(E162="Jamaat",1,0) -> 0 | G162: 114217 | H162: Salahuddin Alamgir | I162: IND | J162: 77130 | K162: 37087
A163: 162 | C163: Kishoreganj-1 | D163: Mazharul Islam | E163: BNP | F163: =IF(E163="Jamaat",1,0) -> 0 | G163: 124035 | H163: Hedayatullah Hadi | I163: BKM | J163: 101132 | K163: 22903
A164: 163 | C164: Kishoreganj-2 | D164: Advocate Md. Jalal Uddin | E164: BNP | F164: =IF(E164="Jamaat",1,0) -> 0 | G164: 143669 | H164: Md. Shafiul Islam | I164: Jamaat | J164: 120975 | K164: 22694
A165: 164 | C165: Kishoreganj-3 | D165: Osman Faruk | E165: BNP | F165: =IF(E165="Jamaat",1,0) -> 0 | G165: 112466 | H165: Jehad Khan | I165: Jamaat | J165: 102476 | K165: 9990
A166: 165 | C166: Kishoreganj-4 | D166: Md. Fazlur Rahman | E166: BNP | F166: =IF(E166="Jamaat",1,0) -> 0 | G166: 132472 | H166: Md. Rokan Reza Sheikh | I166: Jamaat | J166: 57829 | K166: 74643
A167: 166 | C167: Kishoreganj-5 | D167: Syed Ehsanul Huda | E167: BNP | F167: =IF(E167="Jamaat",1,0) -> 0 | G167: 66450 | H167: Md Ramzan Ali | I167: Jamaat | J167: 54400 | K167: 12050
... A224: 223 | C224: Shariatpur-3 | D224: Mia Nuruddin Ahmed Apu | E224: BNP | F224: =IF(E224="Jamaat",1,0) -> 0 | G224: 107516 | H224: Muhammad Azharul Islam | I224: Jamaat | J224: 69684 | K224: 37832
A225: 224 | B225: Sylhet | C225: Sunamganj-1 | D225: Kamruzzaman Kamrul | E225: BNP | F225: =IF(E225="Jamaat",1,0) -> 0 | G225: 161774 | H225: Tofail Ahmed | I225: Jamaat | J225: 92966 | K225: 68808
A226: 225 | C226: Sunamganj-2 | D226: Md. Nasir Chowdhury | E226: BNP | F226: =IF(E226="Jamaat",1,0) -> 0 | G226: 99522 | H226: Mohammad Shishir Monir | I226: Jamaat | J226: 63220 | K226: 36302
A227: 226 | C227: Sunamganj-3 | D227: Mohammad Kaisar Ahmed | E227: BNP | F227: =IF(E227="Jamaat",1,0) -> 0 | G227: 97313 | H227: Md. Anwar Hossain | I227: IND | J227: 42226 | K227: 55087
A228: 227 | C228: Sunamganj-4 | D228: Nurul Islam | E228: BNP | F228: =IF(E228="Jamaat",1,0) -> 0 | G228: 98092 | H228: Md. Shams Uddin | I228: Jamaat | J228: 75735 | K228: 22357
A229: 228 | C229: Sunamganj-5 | D229: Kalim Uddin Ahmed | E229: BNP | F229: =IF(E229="Jamaat",1,0) -> 0 | G229: 151915 | H229: Abu Tahir Muhammad Abdus Salam | I229: Jamaat | J229: 102121 | K229: 49794
A230: 229 | C230: Sylhet-1 | D230: Khandakar Abdul Muktadir | E230: BNP | F230: =IF(E230="Jamaat",1,0) -> 0 | G230: 176936 | H230: Maulana Habibur Rahman | I230: Jamaat | J230: 134983 | K230: 41953
A231: 230 | C231: Sylhet-2 | D231: Tahsina Rushdir Luna | E231: BNP | F231: =IF(E231="Jamaat",1,0) -> 0 | G231: 116697 | H231: Muhammad Muntasir Ali | I231: KM | J231: 37446 | K231: 79251
...

Sheet Final_Merged_Data
A1: Constituency | B1: Constituency_Clean | C1: Upazila | D1: District | E1: Area_sqkm | F1: Population | G1: Population_Density | H1: Household_Size | I1: Literacy_Rate | J1: Crime_Unit | K1: Total_Crime_per_100k | L1: Violent_Crime_per_100k | M1: Merge_Key | N1: Remittance_HH_Total | O1: Remittance_HH_Rural | P1: Remittance_HH_Urban
A2: Panchagarh-1 | B2: =SUBSTITUTE(SUBSTITUTE(SUBSTITUTE(SUBSTITUTE(TRIM(Table6[[#This Row],[Constituency]]),"Barisal","Barishal"),"Jessore","Jashore"),"Bogra","Bogura"),"Chapai Nawabganj","Chapainawabganj") -> Panchagarh-1 | C2: Panchagarh Sadar | D2: Panchagarh | E2: =_xlfn.XLOOKUP(C2,Population_data!B:B,Population_data!C:C,"") -> 189.12 | F2: =_xlfn.XLOOKUP(C2,Population_data!B:B,Population_data!D:D,"") -> 335353 | G2: =_xlfn.XLOOKUP(C2,Population_data!B:B,Population_data!E:E,"") -> 1773.23 | H2: =_xlfn.XLOOKUP(C2,Population_data!B:B,Population_data!F:F,"") -> 4.25 | I2: =_xlfn.XLOOKUP(C2,Population_data!B:B,Population_data!G:G,"") -> 75.59 | J2: =_xlfn.XLOOKUP(D2,District_Crime_Unit_Map!A:A,District_Crime_Unit_Map!B:B,"") -> Rangpur Range | K2: =_xlfn.XLOOKUP(J2,Crime_Data!A:A,Crime_Data!V:V,"") -> 101.9087 | L2: =_xlfn.XLOOKUP(J2,Crime_Data!A:A,Crime_Data!W:W,"") -> 15.175373 | M2: =TRIM(Table6[[#This Row],[District]])&"|"&TRIM(Table6[[#This Row],[Upazila]]) -> Panchagarh|Panchagarh Sadar | N2: =_xlfn.XLOOKUP(B2,Remittance_Data!A:A,Remittance_Data!B:B,"CHECK") -> CHECK | O2: =_xlfn.XLOOKUP(B2,Remittance_Data!A:A,Remittance_Data!C:C,"CHECK") -> CHECK | P2: =_xlfn.XLOOKUP(B2,Remittance_Data!A:A,Remittance_Data!D:D,"CHECK") -> CHECK
A3: Panchagarh-1 | B3: =SUBSTITUTE(SUBSTITUTE(SUBSTITUTE(SUBSTITUTE(TRIM(Table6[[#This Row],[Constituency]]),"Barisal","Barishal"),"Jessore","Jashore"),"Bogra","Bogura"),"Chapai Nawabganj","Chapainawabganj") -> Panchagarh-1 | C3: Tetulia | D3: Panchagarh | E3: =_xlfn.XLOOKUP(C3,Population_data!B:B,Population_data!C:C,"") -> 303.5 | F3: =_xlfn.XLOOKUP(C3,Population_data!B:B,Population_data!D:D,"") -> 160178 | G3: =_xlfn.XLOOKUP(C3,Population_data!B:B,Population_data!E:E,"") -> 527.77 | H3: =_xlfn.XLOOKUP(C3,Population_data!B:B,Population_data!F:F,"") -> 4.33 | I3: =_xlfn.XLOOKUP(C3,Population_data!B:B,Population_data!G:G,"") -> 71.78 | J3: =_xlfn.XLOOKUP(D3,District_Crime_Unit_Map!A:A,District_Crime_Unit_Map!B:B,"") -> Rangpur Range | K3: =_xlfn.XLOOKUP(J3,Crime_Data!A:A,Crime_Data!V:V,"") -> 101.9087 | L3: =_xlfn.XLOOKUP(J3,Crime_Data!A:A,Crime_Data!W:W,"") -> 15.175373 | M3: =TRIM(Table6[[#This Row],[District]])&"|"&TRIM(Table6[[#This Row],[Upazila]]) -> Panchagarh|Tetulia | N3: =_xlfn.XLOOKUP(B3,Remittance_Data!A:A,Remittance_Data!B:B,"CHECK") -> CHECK | O3: =_xlfn.XLOOKUP(B3,Remittance_Data!A:A,Remittance_Data!C:C,"CHECK") -> CHECK | P3: =_xlfn.XLOOKUP(B3,Remittance_Data!A:A,Remittance_Data!D:D,"CHECK") -> CHECK
A4: Panchagarh-1 | B4: =SUBSTITUTE(SUBSTITUTE(SUBSTITUTE(SUBSTITUTE(TRIM(Table6[[#This Row],[Constituency]]),"Barisal","Barishal"),"Jessore","Jashore"),"Bogra","Bogura"),"Chapai Nawabganj","Chapainawabganj") -> Panchagarh-1 | C4: Atwari | D4: Panchagarh | E4: =_xlfn.XLOOKUP(C4,Population_data!B:B,Population_data!C:C,"") -> 286.81 | F4: =_xlfn.XLOOKUP(C4,Population_data!B:B,Population_data!D:D,"") -> 141545 | G4: =_xlfn.XLOOKUP(C4,Population_data!B:B,Population_data!E:E,"") -> 493.51 | H4: =_xlfn.XLOOKUP(C4,Population_data!B:B,Population_data!F:F,"") -> 3.97 | I4: =_xlfn.XLOOKUP(C4,Population_data!B:B,Population_data!G:G,"") -> 76.19 | J4: =_xlfn.XLOOKUP(D4,District_Crime_Unit_Map!A:A,District_Crime_Unit_Map!B:B,"") -> Rangpur Range | K4: =_xlfn.XLOOKUP(J4,Crime_Data!A:A,Crime_Data!V:V,"") -> 101.9087 | L4: =_xlfn.XLOOKUP(J4,Crime_Data!A:A,Crime_Data!W:W,"") -> 15.175373 | M4: =TRIM(Table6[[#This Row],[District]])&"|"&TRIM(Table6[[#This Row],[Upazila]]) -> Panchagarh|Atwari | N4: =_xlfn.XLOOKUP(B4,Remittance_Data!A:A,Remittance_Data!B:B,"CHECK") -> CHECK | O4: =_xlfn.XLOOKUP(B4,Remittance_Data!A:A,Remittance_Data!C:C,"CHECK") -> CHECK | P4: =_xlfn.XLOOKUP(B4,Remittance_Data!A:A,Remittance_Data!D:D,"CHECK") -> CHECK
A5: Panchagarh-2 | B5: =SUBSTITUTE(SUBSTITUTE(SUBSTITUTE(SUBSTITUTE(TRIM(Table6[[#This Row],[Constituency]]),"Barisal","Barishal"),"Jessore","Jashore"),"Bogra","Bogura"),"Chapai Nawabganj","Chapainawabganj") -> Panchagarh-2 | C5: Boda | D5: Panchagarh | E5: =_xlfn.XLOOKUP(C5,Population_data!B:B,Population_data!C:C,"") -> 189.29 | F5: =_xlfn.XLOOKUP(C5,Population_data!B:B,Population_data!D:D,"") -> 275279 | G5: =_xlfn.XLOOKUP(C5,Population_data!B:B,Population_data!E:E,"") -> 1454.27 | H5: =_xlfn.XLOOKUP(C5,Population_data!B:B,Population_data!F:F,"") -> 4.05 | I5: =_xlfn.XLOOKUP(C5,Population_data!B:B,Population_data!G:G,"") -> 73.67 | J5: =_xlfn.XLOOKUP(D5,District_Crime_Unit_Map!A:A,District_Crime_Unit_Map!B:B,"") -> Rangpur Range | K5: =_xlfn.XLOOKUP(J5,Crime_Data!A:A,Crime_Data!V:V,"") -> 101.9087 | L5: =_xlfn.XLOOKUP(J5,Crime_Data!A:A,Crime_Data!W:W,"") -> 15.175373 | M5: =TRIM(Table6[[#This Row],[District]])&"|"&TRIM(Table6[[#This Row],[Upazila]]) -> Panchagarh|Boda | N5: =_xlfn.XLOOKUP(B5,Remittance_Data!A:A,Remittance_Data!B:B,"CHECK") -> CHECK | O5: =_xlfn.XLOOKUP(B5,Remittance_Data!A:A,Remittance_Data!C:C,"CHECK") -> CHECK | P5: =_xlfn.XLOOKUP(B5,Remittance_Data!A:A,Remittance_Data!D:D,"CHECK") -> CHECK
A6: Panchagarh-2 | B6: =SUBSTITUTE(SUBSTITUTE(SUBSTITUTE(SUBSTITUTE(TRIM(Table6[[#This Row],[Constituency]]),"Barisal","Barishal"),"Jessore","Jashore"),"Bogra","Bogura"),"Chapai Nawabganj","Chapainawabganj") -> Panchagarh-2 | C6: Debiganj | D6: Panchagarh | E6: =_xlfn.XLOOKUP(C6,Population_data!B:B,Population_data!C:C,"") -> 359.52 | F6: =_xlfn.XLOOKUP(C6,Population_data!B:B,Population_data!D:D,"") -> 267452 | G6: =_xlfn.XLOOKUP(C6,Population_data!B:B,Population_data!E:E,"") -> 743.91 | H6: =_xlfn.XLOOKUP(C6,Population_data!B:B,Population_data!F:F,"") -> 4.1 | I6: =_xlfn.XLOOKUP(C6,Population_data!B:B,Population_data!G:G,"") -> 71.04 | J6: =_xlfn.XLOOKUP(D6,District_Crime_Unit_Map!A:A,District_Crime_Unit_Map!B:B,"") -> Rangpur Range | K6: =_xlfn.XLOOKUP(J6,Crime_Data!A:A,Crime_Data!V:V,"") -> 101.9087 | L6: =_xlfn.XLOOKUP(J6,Crime_Data!A:A,Crime_Data!W:W,"") -> 15.175373 | M6: =TRIM(Table6[[#This Row],[District]])&"|"&TRIM(Table6[[#This Row],[Upazila]]) -> Panchagarh|Debiganj | N6: =_xlfn.XLOOKUP(B6,Remittance_Data!A:A,Remittance_Data!B:B,"CHECK") -> CHECK | O6: =_xlfn.XLOOKUP(B6,Remittance_Data!A:A,Remittance_Data!C:C,"CHECK") -> CHECK | P6: =_xlfn.XLOOKUP(B6,Remittance_Data!A:A,Remittance_Data!D:D,"CHECK") -> CHECK
A7: Thakurgaon-1 | B7: =SUBSTITUTE(SUBSTITUTE(SUBSTITUTE(SUBSTITUTE(TRIM(Table6[[#This Row],[Constituency]]),"Barisal","Barishal"),"Jessore","Jashore"),"Bogra","Bogura"),"Chapai Nawabganj","Chapainawabganj") -> Thakurgaon-1 | C7: Thakurgaon Sadar | D7: Thakurgaon | E7: =_xlfn.XLOOKUP(C7,Population_data!B:B,Population_data!C:C,"") -> 172.65 | F7: =_xlfn.XLOOKUP(C7,Population_data!B:B,Population_data!D:D,"") -> 656770 | G7: =_xlfn.XLOOKUP(C7,Population_data!B:B,Population_data!E:E,"") -> 3804.05 | H7: =_xlfn.XLOOKUP(C7,Population_data!B:B,Population_data!F:F,"") -> 3.99 | I7: =_xlfn.XLOOKUP(C7,Population_data!B:B,Population_data!G:G,"") -> 76.85 | J7: =_xlfn.XLOOKUP(D7,District_Crime_Unit_Map!A:A,District_Crime_Unit_Map!B:B,"") -> Rangpur Range | K7: =_xlfn.XLOOKUP(J7,Crime_Data!A:A,Crime_Data!V:V,"") -> 101.9087 | L7: =_xlfn.XLOOKUP(J7,Crime_Data!A:A,Crime_Data!W:W,"") -> 15.175373 | M7: =TRIM(Table6[[#This Row],[District]])&"|"&TRIM(Table6[[#This Row],[Upazila]]) -> Thakurgaon|Thakurgaon Sadar | N7: =_xlfn.XLOOKUP(B7,Remittance_Data!A:A,Remittance_Data!B:B,"CHECK") -> CHECK | O7: =_xlfn.XLOOKUP(B7,Remittance_Data!A:A,Remittance_Data!C:C,"CHECK") -> CHECK | P7: =_xlfn.XLOOKUP(B7,Remittance_Data!A:A,Remittance_Data!D:D,"CHECK") -> CHECK
A8: Thakurgaon-2 | B8: =SUBSTITUTE(SUBSTITUTE(SUBSTITUTE(SUBSTITUTE(TRIM(Table6[[#This Row],[Constituency]]),"Barisal","Barishal"),"Jessore","Jashore"),"Bogra","Bogura"),"Chapai Nawabganj","Chapainawabganj") -> Thakurgaon-2 | C8: Baliadangi | D8: Thakurgaon | E8: =_xlfn.XLOOKUP(C8,Population_data!B:B,Population_data!C:C,"") -> 258.61 | F8: =_xlfn.XLOOKUP(C8,Population_data!B:B,Population_data!D:D,"") -> 208346 | G8: =_xlfn.XLOOKUP(C8,Population_data!B:B,Population_data!E:E,"") -> 805.64 | H8: =_xlfn.XLOOKUP(C8,Population_data!B:B,Population_data!F:F,"") -> 3.94 | I8: =_xlfn.XLOOKUP(C8,Population_data!B:B,Population_data!G:G,"") -> 70.95 | J8: =_xlfn.XLOOKUP(D8,District_Crime_Unit_Map!A:A,District_Crime_Unit_Map!B:B,"") -> Rangpur Range | K8: =_xlfn.XLOOKUP(J8,Crime_Data!A:A,Crime_Data!V:V,"") -> 101.9087 | L8: =_xlfn.XLOOKUP(J8,Crime_Data!A:A,Crime_Data!W:W,"") -> 15.175373 | M8: =TRIM(Table6[[#This Row],[District]])&"|"&TRIM(Table6[[#This Row],[Upazila]]) -> Thakurgaon|Baliadangi | N8: =_xlfn.XLOOKUP(B8,Remittance_Data!A:A,Remittance_Data!B:B,"CHECK") -> CHECK | O8: =_xlfn.XLOOKUP(B8,Remittance_Data!A:A,Remittance_Data!C:C,"CHECK") -> CHECK | P8: =_xlfn.XLOOKUP(B8,Remittance_Data!A:A,Remittance_Data!D:D,"CHECK") -> CHECK
A9: Thakurgaon-2 | B9: =SUBSTITUTE(SUBSTITUTE(SUBSTITUTE(SUBSTITUTE(TRIM(Table6[[#This Row],[Constituency]]),"Barisal","Barishal"),"Jessore","Jashore"),"Bogra","Bogura"),"Chapai Nawabganj","Chapainawabganj") -> Thakurgaon-2 | C9: Haripur | D9: Thakurgaon | E9: =_xlfn.XLOOKUP(C9,Population_data!B:B,Population_data!C:C,"") -> 258.03 | F9: =_xlfn.XLOOKUP(C9,Population_data!B:B,Population_data!D:D,"") -> 159510 | G9: =_xlfn.XLOOKUP(C9,Population_data!B:B,Population_data!E:E,"") -> 618.18 | H9: =_xlfn.XLOOKUP(C9,Population_data!B:B,Population_data!F:F,"") -> 4.05 | I9: =_xlfn.XLOOKUP(C9,Population_data!B:B,Population_data!G:G,"") -> 68.98 | J9: =_xlfn.XLOOKUP(D9,District_Crime_Unit_Map!A:A,District_Crime_Unit_Map!B:B,"") -> Rangpur Range | K9: =_xlfn.XLOOKUP(J9,Crime_Data!A:A,Crime_Data!V:V,"") -> 101.9087 | L9: =_xlfn.XLOOKUP(J9,Crime_Data!A:A,Crime_Data!W:W,"") -> 15.175373 | M9: =TRIM(Table6[[#This Row],[District]])&"|"&TRIM(Table6[[#This Row],[Upazila]]) -> Thakurgaon|Haripur | N9: =_xlfn.XLOOKUP(B9,Remittance_Data!A:A,Remittance_Data!B:B,"CHECK") -> CHECK | O9: =_xlfn.XLOOKUP(B9,Remittance_Data!A:A,Remittance_Data!C:C,"CHECK") -> CHECK | P9: =_xlfn.XLOOKUP(B9,Remittance_Data!A:A,Remittance_Data!D:D,"CHECK") -> CHECK
A10: Thakurgaon-2 | B10: =SUBSTITUTE(SUBSTITUTE(SUBSTITUTE(SUBSTITUTE(TRIM(Table6[[#This Row],[Constituency]]),"Barisal","Barishal"),"Jessore","Jashore"),"Bogra","Bogura"),"Chapai Nawabganj","Chapainawabganj") -> Thakurgaon-2 | C10: Ranishankail | D10: Thakurgaon | E10: =_xlfn.XLOOKUP(C10,Population_data!B:B,Population_data!C:C,"") -> 334.67 | F10: =_xlfn.XLOOKUP(C10,Population_data!B:B,Population_data!D:D,"") -> 244074 | G10: =_xlfn.XLOOKUP(C10,Population_data!B:B,Population_data!E:E,"") -> 729.3 | H10: =_xlfn.XLOOKUP(C10,Population_data!B:B,Population_data!F:F,"") -> 3.92 | I10: =_xlfn.XLOOKUP(C10,Population_data!B:B,Population_data!G:G,"") -> 73.7 | J10: =_xlfn.XLOOKUP(D10,District_Crime_Unit_Map!A:A,District_Crime_Unit_Map!B:B,"") -> Rangpur Range | K10: =_xlfn.XLOOKUP(J10,Crime_Data!A:A,Crime_Data!V:V,"") -> 101.9087 | L10: =_xlfn.XLOOKUP(J10,Crime_Data!A:A,Crime_Data!W:W,"") -> 15.175373 | M10: =TRIM(Table6[[#This Row],[District]])&"|"&TRIM(Table6[[#This Row],[Upazila]]) -> Thakurgaon|Ranishankail | N10: =_xlfn.XLOOKUP(B10,Remittance_Data!A:A,Remittance_Data!B:B,"CHECK") -> CHECK | O10: =_xlfn.XLOOKUP(B10,Remittance_Data!A:A,Remittance_Data!C:C,"CHECK") -> CHECK | P10: =_xlfn.XLOOKUP(B10,Remittance_Data!A:A,Remittance_Data!D:D,"CHECK") -> CHECK
A11: Thakurgaon-3 | B11: =SUBSTITUTE(SUBSTITUTE(SUBSTITUTE(SUBSTITUTE(TRIM(Table6[[#This Row],[Constituency]]),"Barisal","Barishal"),"Jessore","Jashore"),"Bogra","Bogura"),"Chapai Nawabganj","Chapainawabganj") -> Thakurgaon-3 | C11: Pirganj | D11: Thakurgaon | E11: =_xlfn.XLOOKUP(C11,Population_data!B:B,Population_data!C:C,"") -> 280.43 | F11: =_xlfn.XLOOKUP(C11,Population_data!B:B,Population_data!D:D,"") -> 414833 | G11: =_xlfn.XLOOKUP(C11,Population_data!B:B,Population_data!E:E,"") -> 1479.27 | H11: =_xlfn.XLOOKUP(C11,Population_data!B:B,Population_data!F:F,"") -> 3.58 | I11: =_xlfn.XLOOKUP(C11,Population_data!B:B,Population_data!G:G,"") -> 67.11 | J11: =_xlfn.XLOOKUP(D11,District_Crime_Unit_Map!A:A,District_Crime_Unit_Map!B:B,"") -> Rangpur Range | K11: =_xlfn.XLOOKUP(J11,Crime_Data!A:A,Crime_Data!V:V,"") -> 101.9087 | L11: =_xlfn.XLOOKUP(J11,Crime_Data!A:A,Crime_Data!W:W,"") -> 15.175373 | M11: =TRIM(Table6[[#This Row],[District]])&"|"&TRIM(Table6[[#This Row],[Upazila]]) -> Thakurgaon|Pirganj | N11: =_xlfn.XLOOKUP(B11,Remittance_Data!A:A,Remittance_Data!B:B,"CHECK") -> CHECK | O11: =_xlfn.XLOOKUP(B11,Remittance_Data!A:A,Remittance_Data!C:C,"CHECK") -> CHECK | P11: =_xlfn.XLOOKUP(B11,Remittance_Data!A:A,Remittance_Data!D:D,"CHECK") -> CHECK
A12: Thakurgaon-3 | B12: =SUBSTITUTE(SUBSTITUTE(SUBSTITUTE(SUBSTITUTE(TRIM(Table6[[#This Row],[Constituency]]),"Barisal","Barishal"),"Jessore","Jashore"),"Bogra","Bogura"),"Chapai Nawabganj","Chapainawabganj") -> Thakurgaon-3 | C12: Ranishankail | D12: Thakurgaon | E12: =_xlfn.XLOOKUP(C12,Population_data!B:B,Population_data!C:C,"") -> 334.67 | F12: =_xlfn.XLOOKUP(C12,Population_data!B:B,Population_data!D:D,"") -> 244074 | G12: =_xlfn.XLOOKUP(C12,Population_data!B:B,Population_data!E:E,"") -> 729.3 | H12: =_xlfn.XLOOKUP(C12,Population_data!B:B,Population_data!F:F,"") -> 3.92 | I12: =_xlfn.XLOOKUP(C12,Population_data!B:B,Population_data!G:G,"") -> 73.7 | J12: =_xlfn.XLOOKUP(D12,District_Crime_Unit_Map!A:A,District_Crime_Unit_Map!B:B,"") -> Rangpur Range | K12: =_xlfn.XLOOKUP(J12,Crime_Data!A:A,Crime_Data!V:V,"") -> 101.9087 | L12: =_xlfn.XLOOKUP(J12,Crime_Data!A:A,Crime_Data!W:W,"") -> 15.175373 | M12: =TRIM(Table6[[#This Row],[District]])&"|"&TRIM(Table6[[#This Row],[Upazila]]) -> Thakurgaon|Ranishankail | N12: =_xlfn.XLOOKUP(B12,Remittance_Data!A:A,Remittance_Data!B:B,"CHECK") -> CHECK | O12: =_xlfn.XLOOKUP(B12,Remittance_Data!A:A,Remittance_Data!C:C,"CHECK") -> CHECK | P12: =_xlfn.XLOOKUP(B12,Remittance_Data!A:A,Remittance_Data!D:D,"CHECK") -> CHECK
A13: Dinajpur-1 | B13: =SUBSTITUTE(SUBSTITUTE(SUBSTITUTE(SUBSTITUTE(TRIM(Table6[[#This Row],[Constituency]]),"Barisal","Barishal"),"Jessore","Jashore"),"Bogra","Bogura"),"Chapai Nawabganj","Chapainawabganj") -> Dinajpur-1 | C13: Birganj | D13: Dinajpur | E13: =_xlfn.XLOOKUP(C13,Population_data!B:B,Population_data!C:C,"") -> 193.61 | F13: =_xlfn.XLOOKUP(C13,Population_data!B:B,Population_data!D:D,"") -> 356140 | G13: =_xlfn.XLOOKUP(C13,Population_data!B:B,Population_data!E:E,"") -> 1839.47 | H13: =_xlfn.XLOOKUP(C13,Population_data!B:B,Population_data!F:F,"") -> 4 | I13: =_xlfn.XLOOKUP(C13,Population_data!B:B,Population_data!G:G,"") -> 73.21 | J13: =_xlfn.XLOOKUP(D13,District_Crime_Unit_Map!A:A,District_Crime_Unit_Map!B:B,"") -> Rangpur Range | K13: =_xlfn.XLOOKUP(J13,Crime_Data!A:A,Crime_Data!V:V,"") -> 101.9087 | L13: =_xlfn.XLOOKUP(J13,Crime_Data!A:A,Crime_Data!W:W,"") -> 15.175373 | M13: =TRIM(Table6[[#This Row],[District]])&"|"&TRIM(Table6[[#This Row],[Upazila]]) -> Dinajpur|Birganj | N13: =_xlfn.XLOOKUP(B13,Remittance_Data!A:A,Remittance_Data!B:B,"CHECK") -> CHECK | O13: =_xlfn.XLOOKUP(B13,Remittance_Data!A:A,Remittance_Data!C:C,"CHECK") -> CHECK | P13: =_xlfn.XLOOKUP(B13,Remittance_Data!A:A,Remittance_Data!D:D,"CHECK") -> CHECK
... A96: Rajshahi-1 | B96: =SUBSTITUTE(SUBSTITUTE(SUBSTITUTE(SUBSTITUTE(TRIM(Table6[[#This Row],[Constituency]]),"Barisal","Barishal"),"Jessore","Jashore"),"Bogra","Bogura"),"Chapai Nawabganj","Chapainawabganj") -> Rajshahi-1 | C96: Tanor | D96: Rajshahi | E96: =_xlfn.XLOOKUP(C96,Population_data!B:B,Population_data!C:C,"") -> 280.42 | F96: =_xlfn.XLOOKUP(C96,Population_data!B:B,Population_data!D:D,"") -> 212968 | G96: =_xlfn.XLOOKUP(C96,Population_data!B:B,Population_data!E:E,"") -> 759.46 | H96: =_xlfn.XLOOKUP(C96,Population_data!B:B,Population_data!F:F,"") -> 3.61 | I96: =_xlfn.XLOOKUP(C96,Population_data!B:B,Population_data!G:G,"") -> 72.31 | J96: =_xlfn.XLOOKUP(D96,District_Crime_Unit_Map!A:A,District_Crime_Unit_Map!B:B,"") -> Rajshahi Range | K96: =_xlfn.XLOOKUP(J96,Crime_Data!A:A,Crime_Data!V:V,"") -> 112.81411 | L96: =_xlfn.XLOOKUP(J96,Crime_Data!A:A,Crime_Data!W:W,"") -> 14.272851 | M96: =TRIM(Table6[[#This Row],[District]])&"|"&TRIM(Table6[[#This Row],[Upazila]]) -> Rajshahi|Tanor | N96: =_xlfn.XLOOKUP(B96,Remittance_Data!A:A,Remittance_Data!B:B,"CHECK") -> CHECK | O96: =_xlfn.XLOOKUP(B96,Remittance_Data!A:A,Remittance_Data!C:C,"CHECK") -> CHECK | P96: =_xlfn.XLOOKUP(B96,Remittance_Data!A:A,Remittance_Data!D:D,"CHECK") -> CHECK
A97: Rajshahi-2 | B97: =SUBSTITUTE(SUBSTITUTE(SUBSTITUTE(SUBSTITUTE(TRIM(Table6[[#This Row],[Constituency]]),"Barisal","Barishal"),"Jessore","Jashore"),"Bogra","Bogura"),"Chapai Nawabganj","Chapainawabganj") -> Rajshahi-2 | C97: Rajshahi City Corporation | D97: Rajshahi | E97: 96.72 | F97: 550599 | G97: 5693 | H97: 3.75 | I97: 88.83 | J97: =_xlfn.XLOOKUP(D97,District_Crime_Unit_Map!A:A,District_Crime_Unit_Map!B:B,"") -> Rajshahi Range | K97: =_xlfn.XLOOKUP(J97,Crime_Data!A:A,Crime_Data!V:V,"") -> 112.81411 | L97: =_xlfn.XLOOKUP(J97,Crime_Data!A:A,Crime_Data!W:W,"") -> 14.272851 | M97: =TRIM(Table6[[#This Row],[District]])&"|"&TRIM(Table6[[#This Row],[Upazila]]) -> Rajshahi|Rajshahi City Corporation | N97: =_xlfn.XLOOKUP(B97,Remittance_Data!A:A,Remittance_Data!B:B,"CHECK") -> CHECK | O97: =_xlfn.XLOOKUP(B97,Remittance_Data!A:A,Remittance_Data!C:C,"CHECK") -> CHECK | P97: =_xlfn.XLOOKUP(B97,Remittance_Data!A:A,Remittance_Data!D:D,"CHECK") -> CHECK
A98: Rajshahi-3 | B98: =SUBSTITUTE(SUBSTITUTE(SUBSTITUTE(SUBSTITUTE(TRIM(Table6[[#This Row],[Constituency]]),"Barisal","Barishal"),"Jessore","Jashore"),"Bogra","Bogura"),"Chapai Nawabganj","Chapainawabganj") -> Rajshahi-3 | C98: Paba | D98: Rajshahi | E98: =_xlfn.XLOOKUP(C98,Population_data!B:B,Population_data!C:C,"") -> 189.9 | F98: =_xlfn.XLOOKUP(C98,Population_data!B:B,Population_data!D:D,"") -> 368857 | G98: =_xlfn.XLOOKUP(C98,Population_data!B:B,Population_data!E:E,"") -> 1942.37 | H98: =_xlfn.XLOOKUP(C98,Population_data!B:B,Population_data!F:F,"") -> 3.74 | I98: =_xlfn.XLOOKUP(C98,Population_data!B:B,Population_data!G:G,"") -> 74.72 | J98: =_xlfn.XLOOKUP(D98,District_Crime_Unit_Map!A:A,District_Crime_Unit_Map!B:B,"") -> Rajshahi Range | K98: =_xlfn.XLOOKUP(J98,Crime_Data!A:A,Crime_Data!V:V,"") -> 112.81411 | L98: =_xlfn.XLOOKUP(J98,Crime_Data!A:A,Crime_Data!W:W,"") -> 14.272851 | M98: =TRIM(Table6[[#This Row],[District]])&"|"&TRIM(Table6[[#This Row],[Upazila]]) -> Rajshahi|Paba | N98: =_xlfn.XLOOKUP(B98,Remittance_Data!A:A,Remittance_Data!B:B,"CHECK") -> CHECK | O98: =_xlfn.XLOOKUP(B98,Remittance_Data!A:A,Remittance_Data!C:C,"CHECK") -> CHECK | P98: =_xlfn.XLOOKUP(B98,Remittance_Data!A:A,Remittance_Data!D:D,"CHECK") -> CHECK
A99: Rajshahi-3 | B99: =SUBSTITUTE(SUBSTITUTE(SUBSTITUTE(SUBSTITUTE(TRIM(Table6[[#This Row],[Constituency]]),"Barisal","Barishal"),"Jessore","Jashore"),"Bogra","Bogura"),"Chapai Nawabganj","Chapainawabganj") -> Rajshahi-3 | C99: Mohanpur | D99: Rajshahi | E99: =_xlfn.XLOOKUP(C99,Population_data!B:B,Population_data!C:C,"") -> 163.49 | F99: =_xlfn.XLOOKUP(C99,Population_data!B:B,Population_data!D:D,"") -> 186883 | G99: =_xlfn.XLOOKUP(C99,Population_data!B:B,Population_data!E:E,"") -> 1143.09 | H99: =_xlfn.XLOOKUP(C99,Population_data!B:B,Population_data!F:F,"") -> 3.52 | I99: =_xlfn.XLOOKUP(C99,Population_data!B:B,Population_data!G:G,"") -> 73.88 | J99: =_xlfn.XLOOKUP(D99,District_Crime_Unit_Map!A:A,District_Crime_Unit_Map!B:B,"") -> Rajshahi Range | K99: =_xlfn.XLOOKUP(J99,Crime_Data!A:A,Crime_Data!V:V,"") -> 112.81411 | L99: =_xlfn.XLOOKUP(J99,Crime_Data!A:A,Crime_Data!W:W,"") -> 14.272851 | M99: =TRIM(Table6[[#This Row],[District]])&"|"&TRIM(Table6[[#This Row],[Upazila]]) -> Rajshahi|Mohanpur | N99: =_xlfn.XLOOKUP(B99,Remittance_Data!A:A,Remittance_Data!B:B,"CHECK") -> CHECK | O99: =_xlfn.XLOOKUP(B99,Remittance_Data!A:A,Remittance_Data!C:C,"CHECK") -> CHECK | P99: =_xlfn.XLOOKUP(B99,Remittance_Data!A:A,Remittance_Data!D:D,"CHECK") -> CHECK
A100: Rajshahi-4 | B100: =SUBSTITUTE(SUBSTITUTE(SUBSTITUTE(SUBSTITUTE(TRIM(Table6[[#This Row],[Constituency]]),"Barisal","Barishal"),"Jessore","Jashore"),"Bogra","Bogura"),"Chapai Nawabganj","Chapainawabganj") -> Rajshahi-4 | C100: Bagmara | D100: Rajshahi | E100: =_xlfn.XLOOKUP(C100,Population_data!B:B,Population_data!C:C,"") -> 363.56 | F100: =_xlfn.XLOOKUP(C100,Population_data!B:B,Population_data!D:D,"") -> 373945 | G100: =_xlfn.XLOOKUP(C100,Population_data!B:B,Population_data!E:E,"") -> 1028.56 | H100: =_xlfn.XLOOKUP(C100,Population_data!B:B,Population_data!F:F,"") -> 3.5 | I100: =_xlfn.XLOOKUP(C100,Population_data!B:B,Population_data!G:G,"") -> 69.21 | J100: =_xlfn.XLOOKUP(D100,District_Crime_Unit_Map!A:A,District_Crime_Unit_Map!B:B,"") -> Rajshahi Range | K100: =_xlfn.XLOOKUP(J100,Crime_Data!A:A,Crime_Data!V:V,"") -> 112.81411 | L100: =_xlfn.XLOOKUP(J100,Crime_Data!A:A,Crime_Data!W:W,"") -> 14.272851 | M100: =TRIM(Table6[[#This Row],[District]])&"|"&TRIM(Table6[[#This Row],[Upazila]]) -> Rajshahi|Bagmara | N100: =_xlfn.XLOOKUP(B100,Remittance_Data!A:A,Remittance_Data!B:B,"CHECK") -> CHECK | O100: =_xlfn.XLOOKUP(B100,Remittance_Data!A:A,Remittance_Data!C:C,"CHECK") -> CHECK | P100: =_xlfn.XLOOKUP(B100,Remittance_Data!A:A,Remittance_Data!D:D,"CHECK") -> CHECK
A101: Rajshahi-5 | B101: =SUBSTITUTE(SUBSTITUTE(SUBSTITUTE(SUBSTITUTE(TRIM(Table6[[#This Row],[Constituency]]),"Barisal","Barishal"),"Jessore","Jashore"),"Bogra","Bogura"),"Chapai Nawabganj","Chapainawabganj") -> Rajshahi-5 | C101: Durgapur | D101: Rajshahi | E101: =_xlfn.XLOOKUP(C101,Population_data!B:B,Population_data!C:C,"") -> 335.46 | F101: =_xlfn.XLOOKUP(C101,Population_data!B:B,Population_data!D:D,"") -> 242445 | G101: =_xlfn.XLOOKUP(C101,Population_data!B:B,Population_data!E:E,"") -> 722.72 | H101: =_xlfn.XLOOKUP(C101,Population_data!B:B,Population_data!F:F,"") -> 4.08 | I101: =_xlfn.XLOOKUP(C101,Population_data!B:B,Population_data!G:G,"") -> 66.76 | J101: =_xlfn.XLOOKUP(D101,District_Crime_Unit_Map!A:A,District_Crime_Unit_Map!B:B,"") -> Rajshahi Range | K101: =_xlfn.XLOOKUP(J101,Crime_Data!A:A,Crime_Data!V:V,"") -> 112.81411 | L101: =_xlfn.XLOOKUP(J101,Crime_Data!A:A,Crime_Data!W:W,"") -> 14.272851 | M101: =TRIM(Table6[[#This Row],[District]])&"|"&TRIM(Table6[[#This Row],[Upazila]]) -> Rajshahi|Durgapur | N101: =_xlfn.XLOOKUP(B101,Remittance_Data!A:A,Remittance_Data!B:B,"CHECK") -> CHECK | O101: =_xlfn.XLOOKUP(B101,Remittance_Data!A:A,Remittance_Data!C:C,"CHECK") -> CHECK | P101: =_xlfn.XLOOKUP(B101,Remittance_Data!A:A,Remittance_Data!D:D,"CHECK") -> CHECK
A102: Rajshahi-5 | B102: =SUBSTITUTE(SUBSTITUTE(SUBSTITUTE(SUBSTITUTE(TRIM(Table6[[#This Row],[Constituency]]),"Barisal","Barishal"),"Jessore","Jashore"),"Bogra","Bogura"),"Chapai Nawabganj","Chapainawabganj") -> Rajshahi-5 | C102: Puthia | D102: Rajshahi | E102: =_xlfn.XLOOKUP(C102,Population_data!B:B,Population_data!C:C,"") -> 192.3 | F102: =_xlfn.XLOOKUP(C102,Population_data!B:B,Population_data!D:D,"") -> 224131 | G102: =_xlfn.XLOOKUP(C102,Population_data!B:B,Population_data!E:E,"") -> 1165.53 | H102: =_xlfn.XLOOKUP(C102,Population_data!B:B,Population_data!F:F,"") -> 3.57 | I102: =_xlfn.XLOOKUP(C102,Population_data!B:B,Population_data!G:G,"") -> 71.53 | J102: =_xlfn.XLOOKUP(D102,District_Crime_Unit_Map!A:A,District_Crime_Unit_Map!B:B,"") -> Rajshahi Range | K102: =_xlfn.XLOOKUP(J102,Crime_Data!A:A,Crime_Data!V:V,"") -> 112.81411 | L102: =_xlfn.XLOOKUP(J102,Crime_Data!A:A,Crime_Data!W:W,"") -> 14.272851 | M102: =TRIM(Table6[[#This Row],[District]])&"|"&TRIM(Table6[[#This Row],[Upazila]]) -> Rajshahi|Puthia | N102: =_xlfn.XLOOKUP(B102,Remittance_Data!A:A,Remittance_Data!B:B,"CHECK") -> CHECK | O102: =_xlfn.XLOOKUP(B102,Remittance_Data!A:A,Remittance_Data!C:C,"CHECK") -> CHECK | P102: =_xlfn.XLOOKUP(B102,Remittance_Data!A:A,Remittance_Data!D:D,"CHECK") -> CHECK
A103: Rajshahi-6 | B103: =SUBSTITUTE(SUBSTITUTE(SUBSTITUTE(SUBSTITUTE(TRIM(Table6[[#This Row],[Constituency]]),"Barisal","Barishal"),"Jessore","Jashore"),"Bogra","Bogura"),"Chapai Nawabganj","Chapainawabganj") -> Rajshahi-6 | C103: Bagha | D103: Rajshahi | E103: =_xlfn.XLOOKUP(C103,Population_data!B:B,Population_data!C:C,"") -> 272.67 | F103: =_xlfn.XLOOKUP(C103,Population_data!B:B,Population_data!D:D,"") -> 195886 | G103: =_xlfn.XLOOKUP(C103,Population_data!B:B,Population_data!E:E,"") -> 718.4 | H103: =_xlfn.XLOOKUP(C103,Population_data!B:B,Population_data!F:F,"") -> 3.63 | I103: =_xlfn.XLOOKUP(C103,Population_data!B:B,Population_data!G:G,"") -> 70.06 | J103: =_xlfn.XLOOKUP(D103,District_Crime_Unit_Map!A:A,District_Crime_Unit_Map!B:B,"") -> Rajshahi Range | K103: =_xlfn.XLOOKUP(J103,Crime_Data!A:A,Crime_Data!V:V,"") -> 112.81411 | L103: =_xlfn.XLOOKUP(J103,Crime_Data!A:A,Crime_Data!W:W,"") -> 14.272851 | M103: =TRIM(Table6[[#This Row],[District]])&"|"&TRIM(Table6[[#This Row],[Upazila]]) -> Rajshahi|Bagha | N103: =_xlfn.XLOOKUP(B103,Remittance_Data!A:A,Remittance_Data!B:B,"CHECK") -> CHECK | O103: =_xlfn.XLOOKUP(B103,Remittance_Data!A:A,Remittance_Data!C:C,"CHECK") -> CHECK | P103: =_xlfn.XLOOKUP(B103,Remittance_Data!A:A,Remittance_Data!D:D,"CHECK") -> CHECK
A104: Rajshahi-6 | B104: =SUBSTITUTE(SUBSTITUTE(SUBSTITUTE(SUBSTITUTE(TRIM(Table6[[#This Row],[Constituency]]),"Barisal","Barishal"),"Jessore","Jashore"),"Bogra","Bogura"),"Chapai Nawabganj","Chapainawabganj") -> Rajshahi-6 | C104: Charghat | D104: Rajshahi | E104: =_xlfn.XLOOKUP(C104,Population_data!B:B,Population_data!C:C,"") -> 133.32 | F104: =_xlfn.XLOOKUP(C104,Population_data!B:B,Population_data!D:D,"") -> 224833 | G104: =_xlfn.XLOOKUP(C104,Population_data!B:B,Population_data!E:E,"") -> 1686.42 | H104: =_xlfn.XLOOKUP(C104,Population_data!B:B,Population_data!F:F,"") -> 3.65 | I104: =_xlfn.XLOOKUP(C104,Population_data!B:B,Population_data!G:G,"") -> 70.99 | J104: =_xlfn.XLOOKUP(D104,District_Crime_Unit_Map!A:A,District_Crime_Unit_Map!B:B,"") -> Rajshahi Range | K104: =_xlfn.XLOOKUP(J104,Crime_Data!A:A,Crime_Data!V:V,"") -> 112.81411 | L104: =_xlfn.XLOOKUP(J104,Crime_Data!A:A,Crime_Data!W:W,"") -> 14.272851 | M104: =TRIM(Table6[[#This Row],[District]])&"|"&TRIM(Table6[[#This Row],[Upazila]]) -> Rajshahi|Charghat | N104: =_xlfn.XLOOKUP(B104,Remittance_Data!A:A,Remittance_Data!B:B,"CHECK") -> CHECK | O104: =_xlfn.XLOOKUP(B104,Remittance_Data!A:A,Remittance_Data!C:C,"CHECK") -> CHECK | P104: =_xlfn.XLOOKUP(B104,Remittance_Data!A:A,Remittance_Data!D:D,"CHECK") -> CHECK
A105: Natore-1 | B105: =SUBSTITUTE(SUBSTITUTE(SUBSTITUTE(SUBSTITUTE(TRIM(Table6[[#This Row],[Constituency]]),"Barisal","Barishal"),"Jessore","Jashore"),"Bogra","Bogura"),"Chapai Nawabganj","Chapainawabganj") -> Natore-1 | C105: Lalpur | D105: Natore | E105: =_xlfn.XLOOKUP(C105,Population_data!B:B,Population_data!C:C,"") -> 468.39 | F105: =_xlfn.XLOOKUP(C105,Population_data!B:B,Population_data!D:D,"") -> 306333 | G105: =_xlfn.XLOOKUP(C105,Population_data!B:B,Population_data!E:E,"") -> 654.01 | H105: =_xlfn.XLOOKUP(C105,Population_data!B:B,Population_data!F:F,"") -> 3.71 | I105: =_xlfn.XLOOKUP(C105,Population_data!B:B,Population_data!G:G,"") -> 72.6 | J105: =_xlfn.XLOOKUP(D105,District_Crime_Unit_Map!A:A,District_Crime_Unit_Map!B:B,"") -> Rajshahi Range | K105: =_xlfn.XLOOKUP(J105,Crime_Data!A:A,Crime_Data!V:V,"") -> 112.81411 | L105: =_xlfn.XLOOKUP(J105,Crime_Data!A:A,Crime_Data!W:W,"") -> 14.272851 | M105: =TRIM(Table6[[#This Row],[District]])&"|"&TRIM(Table6[[#This Row],[Upazila]]) -> Natore|Lalpur | N105: =_xlfn.XLOOKUP(B105,Remittance_Data!A:A,Remittance_Data!B:B,"CHECK") -> CHECK | O105: =_xlfn.XLOOKUP(B105,Remittance_Data!A:A,Remittance_Data!C:C,"CHECK") -> CHECK | P105: =_xlfn.XLOOKUP(B105,Remittance_Data!A:A,Remittance_Data!D:D,"CHECK") -> CHECK
A106: Natore-1 | B106: =SUBSTITUTE(SUBSTITUTE(SUBSTITUTE(SUBSTITUTE(TRIM(Table6[[#This Row],[Constituency]]),"Barisal","Barishal"),"Jessore","Jashore"),"Bogra","Bogura"),"Chapai Nawabganj","Chapainawabganj") -> Natore-1 | C106: Bagatipara | D106: Natore | E106: =_xlfn.XLOOKUP(C106,Population_data!B:B,Population_data!C:C,"") -> 205.7 | F106: =_xlfn.XLOOKUP(C106,Population_data!B:B,Population_data!D:D,"") -> 140691 | G106: =_xlfn.XLOOKUP(C106,Population_data!B:B,Population_data!E:E,"") -> 683.96 | H106: =_xlfn.XLOOKUP(C106,Population_data!B:B,Population_data!F:F,"") -> 3.58 | I106: =_xlfn.XLOOKUP(C106,Population_data!B:B,Population_data!G:G,"") -> 75.25 | J106: =_xlfn.XLOOKUP(D106,District_Crime_Unit_Map!A:A,District_Crime_Unit_Map!B:B,"") -> Rajshahi Range | K106: =_xlfn.XLOOKUP(J106,Crime_Data!A:A,Crime_Data!V:V,"") -> 112.81411 | L106: =_xlfn.XLOOKUP(J106,Crime_Data!A:A,Crime_Data!W:W,"") -> 14.272851 | M106: =TRIM(Table6[[#This Row],[District]])&"|"&TRIM(Table6[[#This Row],[Upazila]]) -> Natore|Bagatipara | N106: =_xlfn.XLOOKUP(B106,Remittance_Data!A:A,Remittance_Data!B:B,"CHECK") -> CHECK | O106: =_xlfn.XLOOKUP(B106,Remittance_Data!A:A,Remittance_Data!C:C,"CHECK") -> CHECK | P106: =_xlfn.XLOOKUP(B106,Remittance_Data!A:A,Remittance_Data!D:D,"CHECK") -> CHECK
A107: Natore-2 | B107: =SUBSTITUTE(SUBSTITUTE(SUBSTITUTE(SUBSTITUTE(TRIM(Table6[[#This Row],[Constituency]]),"Barisal","Barishal"),"Jessore","Jashore"),"Bogra","Bogura"),"Chapai Nawabganj","Chapainawabganj") -> Natore-2 | C107: Natore Sadar | D107: Natore | E107: =_xlfn.XLOOKUP(C107,Population_data!B:B,Population_data!C:C,"") -> 278.33 | F107: =_xlfn.XLOOKUP(C107,Population_data!B:B,Population_data!D:D,"") -> 352967 | G107: =_xlfn.XLOOKUP(C107,Population_data!B:B,Population_data!E:E,"") -> 1268.16 | H107: =_xlfn.XLOOKUP(C107,Population_data!B:B,Population_data!F:F,"") -> 3.67 | I107: =_xlfn.XLOOKUP(C107,Population_data!B:B,Population_data!G:G,"") -> 75.2 | J107: =_xlfn.XLOOKUP(D107,District_Crime_Unit_Map!A:A,District_Crime_Unit_Map!B:B,"") -> Rajshahi Range | K107: =_xlfn.XLOOKUP(J107,Crime_Data!A:A,Crime_Data!V:V,"") -> 112.81411 | L107: =_xlfn.XLOOKUP(J107,Crime_Data!A:A,Crime_Data!W:W,"") -> 14.272851 | M107: =TRIM(Table6[[#This Row],[District]])&"|"&TRIM(Table6[[#This Row],[Upazila]]) -> Natore|Natore Sadar | N107: =_xlfn.XLOOKUP(B107,Remittance_Data!A:A,Remittance_Data!B:B,"CHECK") -> CHECK | O107: =_xlfn.XLOOKUP(B107,Remittance_Data!A:A,Remittance_Data!C:C,"CHECK") -> CHECK | P107: =_xlfn.XLOOKUP(B107,Remittance_Data!A:A,Remittance_Data!D:D,"CHECK") -> CHECK
A108: Natore-3 | B108: =SUBSTITUTE(SUBSTITUTE(SUBSTITUTE(SUBSTITUTE(TRIM(Table6[[#This Row],[Constituency]]),"Barisal","Barishal"),"Jessore","Jashore"),"Bogra","Bogura"),"Chapai Nawabganj","Chapainawabganj") -> Natore-3 | C108: Singra | D108: Natore | E108: =_xlfn.XLOOKUP(C108,Population_data!B:B,Population_data!C:C,"") -> 279.14 | F108: =_xlfn.XLOOKUP(C108,Population_data!B:B,Population_data!D:D,"") -> 381301 | G108: =_xlfn.XLOOKUP(C108,Population_data!B:B,Population_data!E:E,"") -> 1365.98 | H108: =_xlfn.XLOOKUP(C108,Population_data!B:B,Population_data!F:F,"") -> 3.72 | I108: =_xlfn.XLOOKUP(C108,Population_data!B:B,Population_data!G:G,"") -> 66.95 | J108: =_xlfn.XLOOKUP(D108,District_Crime_Unit_Map!A:A,District_Crime_Unit_Map!B:B,"") -> Rajshahi Range | K108: =_xlfn.XLOOKUP(J108,Crime_Data!A:A,Crime_Data!V:V,"") -> 112.81411 | L108: =_xlfn.XLOOKUP(J108,Crime_Data!A:A,Crime_Data!W:W,"") -> 14.272851 | M108: =TRIM(Table6[[#This Row],[District]])&"|"&TRIM(Table6[[#This Row],[Upazila]]) -> Natore|Singra | N108: =_xlfn.XLOOKUP(B108,Remittance_Data!A:A,Remittance_Data!B:B,"CHECK") -> CHECK | O108: =_xlfn.XLOOKUP(B108,Remittance_Data!A:A,Remittance_Data!C:C,"CHECK") -> CHECK | P108: =_xlfn.XLOOKUP(B108,Remittance_Data!A:A,Remittance_Data!D:D,"CHECK") -> CHECK
A109: Natore-3 | B109: =SUBSTITUTE(SUBSTITUTE(SUBSTITUTE(SUBSTITUTE(TRIM(Table6[[#This Row],[Constituency]]),"Barisal","Barishal"),"Jessore","Jashore"),"Bogra","Bogura"),"Chapai Nawabganj","Chapainawabganj") -> Natore-3 | C109: Gurudaspur | D109: Natore | E109: =_xlfn.XLOOKUP(C109,Population_data!B:B,Population_data!C:C,"") -> 327.92 | F109: =_xlfn.XLOOKUP(C109,Population_data!B:B,Population_data!D:D,"") -> 234328 | G109: =_xlfn.XLOOKUP(C109,Population_data!B:B,Population_data!E:E,"") -> 714.59 | H109: =_xlfn.XLOOKUP(C109,Population_data!B:B,Population_data!F:F,"") -> 3.6 | I109: =_xlfn.XLOOKUP(C109,Population_data!B:B,Population_data!G:G,"") -> 68.97 | J109: =_xlfn.XLOOKUP(D109,District_Crime_Unit_Map!A:A,District_Crime_Unit_Map!B:B,"") -> Rajshahi Range | K109: =_xlfn.XLOOKUP(J109,Crime_Data!A:A,Crime_Data!V:V,"") -> 112.81411 | L109: =_xlfn.XLOOKUP(J109,Crime_Data!A:A,Crime_Data!W:W,"") -> 14.272851 | M109: =TRIM(Table6[[#This Row],[District]])&"|"&TRIM(Table6[[#This Row],[Upazila]]) -> Natore|Gurudaspur | N109: =_xlfn.XLOOKUP(B109,Remittance_Data!A:A,Remittance_Data!B:B,"CHECK") -> CHECK | O109: =_xlfn.XLOOKUP(B109,Remittance_Data!A:A,Remittance_Data!C:C,"CHECK") -> CHECK | P109: =_xlfn.XLOOKUP(B109,Remittance_Data!A:A,Remittance_Data!D:D,"CHECK") -> CHECK
... A175: Khulna-6 | B175: =SUBSTITUTE(SUBSTITUTE(SUBSTITUTE(SUBSTITUTE(TRIM(Table6[[#This Row],[Constituency]]),"Barisal","Barishal"),"Jessore","Jashore"),"Bogra","Bogura"),"Chapai Nawabganj","Chapainawabganj") -> Khulna-6 | C175: Koyra | D175: Khulna | E175: =_xlfn.XLOOKUP(C175,Population_data!B:B,Population_data!C:C,"") -> 1775.41 | F175: =_xlfn.XLOOKUP(C175,Population_data!B:B,Population_data!D:D,"") -> 220092 | G175: =_xlfn.XLOOKUP(C175,Population_data!B:B,Population_data!E:E,"") -> 123.97 | H175: =_xlfn.XLOOKUP(C175,Population_data!B:B,Population_data!F:F,"") -> 3.96 | I175: =_xlfn.XLOOKUP(C175,Population_data!B:B,Population_data!G:G,"") -> 76.09 | J175: =_xlfn.XLOOKUP(D175,District_Crime_Unit_Map!A:A,District_Crime_Unit_Map!B:B,"") -> Khulna Range | K175: =_xlfn.XLOOKUP(J175,Crime_Data!A:A,Crime_Data!V:V,"") -> 102.32166 | L175: =_xlfn.XLOOKUP(J175,Crime_Data!A:A,Crime_Data!W:W,"") -> 12.212238 | M175: =TRIM(Table6[[#This Row],[District]])&"|"&TRIM(Table6[[#This Row],[Upazila]]) -> Khulna|Koyra | N175: =_xlfn.XLOOKUP(B175,Remittance_Data!A:A,Remittance_Data!B:B,"CHECK") -> CHECK | O175: =_xlfn.XLOOKUP(B175,Remittance_Data!A:A,Remittance_Data!C:C,"CHECK") -> CHECK | P175: =_xlfn.XLOOKUP(B175,Remittance_Data!A:A,Remittance_Data!D:D,"CHECK") -> CHECK
A176: Khulna-2 | B176: =SUBSTITUTE(SUBSTITUTE(SUBSTITUTE(SUBSTITUTE(TRIM(Table6[[#This Row],[Constituency]]),"Barisal","Barishal"),"Jessore","Jashore"),"Bogra","Bogura"),"Chapai Nawabganj","Chapainawabganj") -> Khulna-2 | C176: Khulna City Corporation | D176: Khulna | E176: 22.83 | F176: 359779 | G176: 15762 | H176: 3.75 | I176: 88.07 | J176: =_xlfn.XLOOKUP(D176,District_Crime_Unit_Map!A:A,District_Crime_Unit_Map!B:B,"") -> Khulna Range | K176: =_xlfn.XLOOKUP(J176,Crime_Data!A:A,Crime_Data!V:V,"") -> 102.32166 | L176: =_xlfn.XLOOKUP(J176,Crime_Data!A:A,Crime_Data!W:W,"") -> 12.212238 | M176: =TRIM(Table6[[#This Row],[District]])&"|"&TRIM(Table6[[#This Row],[Upazila]]) -> Khulna|Khulna City Corporation | N176: =_xlfn.XLOOKUP(B176,Remittance_Data!A:A,Remittance_Data!B:B,"CHECK") -> CHECK | O176: =_xlfn.XLOOKUP(B176,Remittance_Data!A:A,Remittance_Data!C:C,"CHECK") -> CHECK | P176: =_xlfn.XLOOKUP(B176,Remittance_Data!A:A,Remittance_Data!D:D,"CHECK") -> CHECK
A177: Khulna-4 | B177: =SUBSTITUTE(SUBSTITUTE(SUBSTITUTE(SUBSTITUTE(TRIM(Table6[[#This Row],[Constituency]]),"Barisal","Barishal"),"Jessore","Jashore"),"Bogra","Bogura"),"Chapai Nawabganj","Chapainawabganj") -> Khulna-4 | C177: Terokhada | D177: Khulna | E177: =_xlfn.XLOOKUP(C177,Population_data!B:B,Population_data!C:C,"") -> 189.48 | F177: =_xlfn.XLOOKUP(C177,Population_data!B:B,Population_data!D:D,"") -> 128922 | G177: =_xlfn.XLOOKUP(C177,Population_data!B:B,Population_data!E:E,"") -> 680.4 | H177: =_xlfn.XLOOKUP(C177,Population_data!B:B,Population_data!F:F,"") -> 3.97 | I177: =_xlfn.XLOOKUP(C177,Population_data!B:B,Population_data!G:G,"") -> 73.19 | J177: =_xlfn.XLOOKUP(D177,District_Crime_Unit_Map!A:A,District_Crime_Unit_Map!B:B,"") -> Khulna Range | K177: =_xlfn.XLOOKUP(J177,Crime_Data!A:A,Crime_Data!V:V,"") -> 102.32166 | L177: =_xlfn.XLOOKUP(J177,Crime_Data!A:A,Crime_Data!W:W,"") -> 12.212238 | M177: =TRIM(Table6[[#This Row],[District]])&"|"&TRIM(Table6[[#This Row],[Upazila]]) -> Khulna|Terokhada | N177: =_xlfn.XLOOKUP(B177,Remittance_Data!A:A,Remittance_Data!B:B,"CHECK") -> CHECK | O177: =_xlfn.XLOOKUP(B177,Remittance_Data!A:A,Remittance_Data!C:C,"CHECK") -> CHECK | P177: =_xlfn.XLOOKUP(B177,Remittance_Data!A:A,Remittance_Data!D:D,"CHECK") -> CHECK
A178: Khulna-3 | B178: =SUBSTITUTE(SUBSTITUTE(SUBSTITUTE(SUBSTITUTE(TRIM(Table6[[#This Row],[Constituency]]),"Barisal","Barishal"),"Jessore","Jashore"),"Bogra","Bogura"),"Chapai Nawabganj","Chapainawabganj") -> Khulna-3 | C178: Khulna City Corporation | D178: Khulna | E178: 22.83 | F178: 359779 | G178: 15762 | H178: 3.75 | I178: 88.07 | J178: =_xlfn.XLOOKUP(D178,District_Crime_Unit_Map!A:A,District_Crime_Unit_Map!B:B,"") -> Khulna Range | K178: =_xlfn.XLOOKUP(J178,Crime_Data!A:A,Crime_Data!V:V,"") -> 102.32166 | L178: =_xlfn.XLOOKUP(J178,Crime_Data!A:A,Crime_Data!W:W,"") -> 12.212238 | M178: =TRIM(Table6[[#This Row],[District]])&"|"&TRIM(Table6[[#This Row],[Upazila]]) -> Khulna|Khulna City Corporation | N178: =_xlfn.XLOOKUP(B178,Remittance_Data!A:A,Remittance_Data!B:B,"CHECK") -> CHECK | O178: =_xlfn.XLOOKUP(B178,Remittance_Data!A:A,Remittance_Data!C:C,"CHECK") -> CHECK | P178: =_xlfn.XLOOKUP(B178,Remittance_Data!A:A,Remittance_Data!D:D,"CHECK") -> CHECK
A179: Khulna-4 | B179: =SUBSTITUTE(SUBSTITUTE(SUBSTITUTE(SUBSTITUTE(TRIM(Table6[[#This Row],[Constituency]]),"Barisal","Barishal"),"Jessore","Jashore"),"Bogra","Bogura"),"Chapai Nawabganj","Chapainawabganj") -> Khulna-4 | C179: Rupsa | D179: Khulna | E179: =_xlfn.XLOOKUP(C179,Population_data!B:B,Population_data!C:C,"") -> 120.15 | F179: =_xlfn.XLOOKUP(C179,Population_data!B:B,Population_data!D:D,"") -> 206744 | G179: =_xlfn.XLOOKUP(C179,Population_data!B:B,Population_data!E:E,"") -> 1720.72 | H179: =_xlfn.XLOOKUP(C179,Population_data!B:B,Population_data!F:F,"") -> 3.91 | I179: =_xlfn.XLOOKUP(C179,Population_data!B:B,Population_data!G:G,"") -> 80.04 | J179: =_xlfn.XLOOKUP(D179,District_Crime_Unit_Map!A:A,District_Crime_Unit_Map!B:B,"") -> Khulna Range | K179: =_xlfn.XLOOKUP(J179,Crime_Data!A:A,Crime_Data!V:V,"") -> 102.32166 | L179: =_xlfn.XLOOKUP(J179,Crime_Data!A:A,Crime_Data!W:W,"") -> 12.212238 | M179: =TRIM(Table6[[#This Row],[District]])&"|"&TRIM(Table6[[#This Row],[Upazila]]) -> Khulna|Rupsa | N179: =_xlfn.XLOOKUP(B179,Remittance_Data!A:A,Remittance_Data!B:B,"CHECK") -> CHECK | O179: =_xlfn.XLOOKUP(B179,Remittance_Data!A:A,Remittance_Data!C:C,"CHECK") -> CHECK | P179: =_xlfn.XLOOKUP(B179,Remittance_Data!A:A,Remittance_Data!D:D,"CHECK") -> CHECK
A180: Khulna-4 | B180: =SUBSTITUTE(SUBSTITUTE(SUBSTITUTE(SUBSTITUTE(TRIM(Table6[[#This Row],[Constituency]]),"Barisal","Barishal"),"Jessore","Jashore"),"Bogra","Bogura"),"Chapai Nawabganj","Chapainawabganj") -> Khulna-4 | C180: Dighalia | D180: Khulna | E180: =_xlfn.XLOOKUP(C180,Population_data!B:B,Population_data!C:C,"") -> 177.76 | F180: =_xlfn.XLOOKUP(C180,Population_data!B:B,Population_data!D:D,"") -> 167013 | G180: =_xlfn.XLOOKUP(C180,Population_data!B:B,Population_data!E:E,"") -> 939.54 | H180: =_xlfn.XLOOKUP(C180,Population_data!B:B,Population_data!F:F,"") -> 4 | I180: =_xlfn.XLOOKUP(C180,Population_data!B:B,Population_data!G:G,"") -> 81.68 | J180: =_xlfn.XLOOKUP(D180,District_Crime_Unit_Map!A:A,District_Crime_Unit_Map!B:B,"") -> Khulna Range | K180: =_xlfn.XLOOKUP(J180,Crime_Data!A:A,Crime_Data!V:V,"") -> 102.32166 | L180: =_xlfn.XLOOKUP(J180,Crime_Data!A:A,Crime_Data!W:W,"") -> 12.212238 | M180: =TRIM(Table6[[#This Row],[District]])&"|"&TRIM(Table6[[#This Row],[Upazila]]) -> Khulna|Dighalia | N180: =_xlfn.XLOOKUP(B180,Remittance_Data!A:A,Remittance_Data!B:B,"CHECK") -> CHECK | O180: =_xlfn.XLOOKUP(B180,Remittance_Data!A:A,Remittance_Data!C:C,"CHECK") -> CHECK | P180: =_xlfn.XLOOKUP(B180,Remittance_Data!A:A,Remittance_Data!D:D,"CHECK") -> CHECK
A181: Khulna-5 | B181: =SUBSTITUTE(SUBSTITUTE(SUBSTITUTE(SUBSTITUTE(TRIM(Table6[[#This Row],[Constituency]]),"Barisal","Barishal"),"Jessore","Jashore"),"Bogra","Bogura"),"Chapai Nawabganj","Chapainawabganj") -> Khulna-5 | C181: Phultala | D181: Khulna | E181: =_xlfn.XLOOKUP(C181,Population_data!B:B,Population_data!C:C,"") -> 130.76 | F181: =_xlfn.XLOOKUP(C181,Population_data!B:B,Population_data!D:D,"") -> 148502 | G181: =_xlfn.XLOOKUP(C181,Population_data!B:B,Population_data!E:E,"") -> 1135.68 | H181: =_xlfn.XLOOKUP(C181,Population_data!B:B,Population_data!F:F,"") -> 3.86 | I181: =_xlfn.XLOOKUP(C181,Population_data!B:B,Population_data!G:G,"") -> 81.9 | J181: =_xlfn.XLOOKUP(D181,District_Crime_Unit_Map!A:A,District_Crime_Unit_Map!B:B,"") -> Khulna Range | K181: =_xlfn.XLOOKUP(J181,Crime_Data!A:A,Crime_Data!V:V,"") -> 102.32166 | L181: =_xlfn.XLOOKUP(J181,Crime_Data!A:A,Crime_Data!W:W,"") -> 12.212238 | M181: =TRIM(Table6[[#This Row],[District]])&"|"&TRIM(Table6[[#This Row],[Upazila]]) -> Khulna|Phultala | N181: =_xlfn.XLOOKUP(B181,Remittance_Data!A:A,Remittance_Data!B:B,"CHECK") -> CHECK | O181: =_xlfn.XLOOKUP(B181,Remittance_Data!A:A,Remittance_Data!C:C,"CHECK") -> CHECK | P181: =_xlfn.XLOOKUP(B181,Remittance_Data!A:A,Remittance_Data!D:D,"CHECK") -> CHECK
A182: Khulna-5 | B182: =SUBSTITUTE(SUBSTITUTE(SUBSTITUTE(SUBSTITUTE(TRIM(Table6[[#This Row],[Constituency]]),"Barisal","Barishal"),"Jessore","Jashore"),"Bogra","Bogura"),"Chapai Nawabganj","Chapainawabganj") -> Khulna-5 | C182: Dumuria | D182: Khulna | E182: =_xlfn.XLOOKUP(C182,Population_data!B:B,Population_data!C:C,"") -> 108.64 | F182: =_xlfn.XLOOKUP(C182,Population_data!B:B,Population_data!D:D,"") -> 343885 | G182: =_xlfn.XLOOKUP(C182,Population_data!B:B,Population_data!E:E,"") -> 3165.36 | H182: =_xlfn.XLOOKUP(C182,Population_data!B:B,Population_data!F:F,"") -> 3.87 | I182: =_xlfn.XLOOKUP(C182,Population_data!B:B,Population_data!G:G,"") -> 75.97 | J182: =_xlfn.XLOOKUP(D182,District_Crime_Unit_Map!A:A,District_Crime_Unit_Map!B:B,"") -> Khulna Range | K182: =_xlfn.XLOOKUP(J182,Crime_Data!A:A,Crime_Data!V:V,"") -> 102.32166 | L182: =_xlfn.XLOOKUP(J182,Crime_Data!A:A,Crime_Data!W:W,"") -> 12.212238 | M182: =TRIM(Table6[[#This Row],[District]])&"|"&TRIM(Table6[[#This Row],[Upazila]]) -> Khulna|Dumuria | N182: =_xlfn.XLOOKUP(B182,Remittance_Data!A:A,Remittance_Data!B:B,"CHECK") -> CHECK | O182: =_xlfn.XLOOKUP(B182,Remittance_Data!A:A,Remittance_Data!C:C,"CHECK") -> CHECK | P182: =_xlfn.XLOOKUP(B182,Remittance_Data!A:A,Remittance_Data!D:D,"CHECK") -> CHECK
A183: Satkhira-1 | B183: =SUBSTITUTE(SUBSTITUTE(SUBSTITUTE(SUBSTITUTE(TRIM(Table6[[#This Row],[Constituency]]),"Barisal","Barishal"),"Jessore","Jashore"),"Bogra","Bogura"),"Chapai Nawabganj","Chapainawabganj") -> Satkhira-1 | C183: Tala | D183: Satkhira | E183: =_xlfn.XLOOKUP(C183,Population_data!B:B,Population_data!C:C,"") -> 196.42 | F183: =_xlfn.XLOOKUP(C183,Population_data!B:B,Population_data!D:D,"") -> 326101 | G183: =_xlfn.XLOOKUP(C183,Population_data!B:B,Population_data!E:E,"") -> 1660.22 | H183: =_xlfn.XLOOKUP(C183,Population_data!B:B,Population_data!F:F,"") -> 3.79 | I183: =_xlfn.XLOOKUP(C183,Population_data!B:B,Population_data!G:G,"") -> 74.28 | J183: =_xlfn.XLOOKUP(D183,District_Crime_Unit_Map!A:A,District_Crime_Unit_Map!B:B,"") -> Khulna Range | K183: =_xlfn.XLOOKUP(J183,Crime_Data!A:A,Crime_Data!V:V,"") -> 102.32166 | L183: =_xlfn.XLOOKUP(J183,Crime_Data!A:A,Crime_Data!W:W,"") -> 12.212238 | M183: =TRIM(Table6[[#This Row],[District]])&"|"&TRIM(Table6[[#This Row],[Upazila]]) -> Satkhira|Tala | N183: =_xlfn.XLOOKUP(B183,Remittance_Data!A:A,Remittance_Data!B:B,"CHECK") -> CHECK | O183: =_xlfn.XLOOKUP(B183,Remittance_Data!A:A,Remittance_Data!C:C,"CHECK") -> CHECK | P183: =_xlfn.XLOOKUP(B183,Remittance_Data!A:A,Remittance_Data!D:D,"CHECK") -> CHECK
A184: Satkhira-1 | B184: =SUBSTITUTE(SUBSTITUTE(SUBSTITUTE(SUBSTITUTE(TRIM(Table6[[#This Row],[Constituency]]),"Barisal","Barishal"),"Jessore","Jashore"),"Bogra","Bogura"),"Chapai Nawabganj","Chapainawabganj") -> Satkhira-1 | C184: Kalaroa | D184: Satkhira | E184: =_xlfn.XLOOKUP(C184,Population_data!B:B,Population_data!C:C,"") -> 343.46 | F184: =_xlfn.XLOOKUP(C184,Population_data!B:B,Population_data!D:D,"") -> 261260 | G184: =_xlfn.XLOOKUP(C184,Population_data!B:B,Population_data!E:E,"") -> 760.67 | H184: =_xlfn.XLOOKUP(C184,Population_data!B:B,Population_data!F:F,"") -> 3.67 | I184: =_xlfn.XLOOKUP(C184,Population_data!B:B,Population_data!G:G,"") -> 72.79 | J184: =_xlfn.XLOOKUP(D184,District_Crime_Unit_Map!A:A,District_Crime_Unit_Map!B:B,"") -> Khulna Range | K184: =_xlfn.XLOOKUP(J184,Crime_Data!A:A,Crime_Data!V:V,"") -> 102.32166 | L184: =_xlfn.XLOOKUP(J184,Crime_Data!A:A,Crime_Data!W:W,"") -> 12.212238 | M184: =TRIM(Table6[[#This Row],[District]])&"|"&TRIM(Table6[[#This Row],[Upazila]]) -> Satkhira|Kalaroa | N184: =_xlfn.XLOOKUP(B184,Remittance_Data!A:A,Remittance_Data!B:B,"CHECK") -> CHECK | O184: =_xlfn.XLOOKUP(B184,Remittance_Data!A:A,Remittance_Data!C:C,"CHECK") -> CHECK | P184: =_xlfn.XLOOKUP(B184,Remittance_Data!A:A,Remittance_Data!D:D,"CHECK") -> CHECK
A185: Satkhira-2 | B185: =SUBSTITUTE(SUBSTITUTE(SUBSTITUTE(SUBSTITUTE(TRIM(Table6[[#This Row],[Constituency]]),"Barisal","Barishal"),"Jessore","Jashore"),"Bogra","Bogura"),"Chapai Nawabganj","Chapainawabganj") -> Satkhira-2 | C185: Satkhira Sadar | D185: Satkhira | E185: =_xlfn.XLOOKUP(C185,Population_data!B:B,Population_data!C:C,"") -> 401.87 | F185: =_xlfn.XLOOKUP(C185,Population_data!B:B,Population_data!D:D,"") -> 522934 | G185: =_xlfn.XLOOKUP(C185,Population_data!B:B,Population_data!E:E,"") -> 1301.25 | H185: =_xlfn.XLOOKUP(C185,Population_data!B:B,Population_data!F:F,"") -> 3.81 | I185: =_xlfn.XLOOKUP(C185,Population_data!B:B,Population_data!G:G,"") -> 78.06 | J185: =_xlfn.XLOOKUP(D185,District_Crime_Unit_Map!A:A,District_Crime_Unit_Map!B:B,"") -> Khulna Range | K185: =_xlfn.XLOOKUP(J185,Crime_Data!A:A,Crime_Data!V:V,"") -> 102.32166 | L185: =_xlfn.XLOOKUP(J185,Crime_Data!A:A,Crime_Data!W:W,"") -> 12.212238 | M185: =TRIM(Table6[[#This Row],[District]])&"|"&TRIM(Table6[[#This Row],[Upazila]]) -> Satkhira|Satkhira Sadar | N185: =_xlfn.XLOOKUP(B185,Remittance_Data!A:A,Remittance_Data!B:B,"CHECK") -> CHECK | O185: =_xlfn.XLOOKUP(B185,Remittance_Data!A:A,Remittance_Data!C:C,"CHECK") -> CHECK | P185: =_xlfn.XLOOKUP(B185,Remittance_Data!A:A,Remittance_Data!D:D,"CHECK") -> CHECK
A186: Satkhira-3 | B186: =SUBSTITUTE(SUBSTITUTE(SUBSTITUTE(SUBSTITUTE(TRIM(Table6[[#This Row],[Constituency]]),"Barisal","Barishal"),"Jessore","Jashore"),"Bogra","Bogura"),"Chapai Nawabganj","Chapainawabganj") -> Satkhira-3 | C186: Ashashuni | D186: Satkhira | E186: =_xlfn.XLOOKUP(C186,Population_data!B:B,Population_data!C:C,"") -> 357.28 | F186: =_xlfn.XLOOKUP(C186,Population_data!B:B,Population_data!D:D,"") -> 281749 | G186: =_xlfn.XLOOKUP(C186,Population_data!B:B,Population_data!E:E,"") -> 788.59 | H186: =_xlfn.XLOOKUP(C186,Population_data!B:B,Population_data!F:F,"") -> 3.91 | I186: =_xlfn.XLOOKUP(C186,Population_data!B:B,Population_data!G:G,"") -> 72.46 | J186: =_xlfn.XLOOKUP(D186,District_Crime_Unit_Map!A:A,District_Crime_Unit_Map!B:B,"") -> Khulna Range | K186: =_xlfn.XLOOKUP(J186,Crime_Data!A:A,Crime_Data!V:V,"") -> 102.32166 | L186: =_xlfn.XLOOKUP(J186,Crime_Data!A:A,Crime_Data!W:W,"") -> 12.212238 | M186: =TRIM(Table6[[#This Row],[District]])&"|"&TRIM(Table6[[#This Row],[Upazila]]) -> Satkhira|Ashashuni | N186: =_xlfn.XLOOKUP(B186,Remittance_Data!A:A,Remittance_Data!B:B,"CHECK") -> CHECK | O186: =_xlfn.XLOOKUP(B186,Remittance_Data!A:A,Remittance_Data!C:C,"CHECK") -> CHECK | P186: =_xlfn.XLOOKUP(B186,Remittance_Data!A:A,Remittance_Data!D:D,"CHECK") -> CHECK
A187: Satkhira-3 | B187: =SUBSTITUTE(SUBSTITUTE(SUBSTITUTE(SUBSTITUTE(TRIM(Table6[[#This Row],[Constituency]]),"Barisal","Barishal"),"Jessore","Jashore"),"Bogra","Bogura"),"Chapai Nawabganj","Chapainawabganj") -> Satkhira-3 | C187: Debhata | D187: Satkhira | E187: =_xlfn.XLOOKUP(C187,Population_data!B:B,Population_data!C:C,"") -> 168.24 | F187: =_xlfn.XLOOKUP(C187,Population_data!B:B,Population_data!D:D,"") -> 133013 | G187: =_xlfn.XLOOKUP(C187,Population_data!B:B,Population_data!E:E,"") -> 790.61 | H187: =_xlfn.XLOOKUP(C187,Population_data!B:B,Population_data!F:F,"") -> 3.87 | I187: =_xlfn.XLOOKUP(C187,Population_data!B:B,Population_data!G:G,"") -> 78.71 | J187: =_xlfn.XLOOKUP(D187,District_Crime_Unit_Map!A:A,District_Crime_Unit_Map!B:B,"") -> Khulna Range | K187: =_xlfn.XLOOKUP(J187,Crime_Data!A:A,Crime_Data!V:V,"") -> 102.32166 | L187: =_xlfn.XLOOKUP(J187,Crime_Data!A:A,Crime_Data!W:W,"") -> 12.212238 | M187: =TRIM(Table6[[#This Row],[District]])&"|"&TRIM(Table6[[#This Row],[Upazila]]) -> Satkhira|Debhata | N187: =_xlfn.XLOOKUP(B187,Remittance_Data!A:A,Remittance_Data!B:B,"CHECK") -> CHECK | O187: =_xlfn.XLOOKUP(B187,Remittance_Data!A:A,Remittance_Data!C:C,"CHECK") -> CHECK | P187: =_xlfn.XLOOKUP(B187,Remittance_Data!A:A,Remittance_Data!D:D,"CHECK") -> CHECK
A188: Satkhira-4 | B188: =SUBSTITUTE(SUBSTITUTE(SUBSTITUTE(SUBSTITUTE(TRIM(Table6[[#This Row],[Constituency]]),"Barisal","Barishal"),"Jessore","Jashore"),"Bogra","Bogura"),"Chapai Nawabganj","Chapainawabganj") -> Satkhira-4 | C188: Shyamnagar | D188: Satkhira | E188: =_xlfn.XLOOKUP(C188,Population_data!B:B,Population_data!C:C,"") -> 196.5 | F188: =_xlfn.XLOOKUP(C188,Population_data!B:B,Population_data!D:D,"") -> 365953 | G188: =_xlfn.XLOOKUP(C188,Population_data!B:B,Population_data!E:E,"") -> 1862.36 | H188: =_xlfn.XLOOKUP(C188,Population_data!B:B,Population_data!F:F,"") -> 4.03 | I188: =_xlfn.XLOOKUP(C188,Population_data!B:B,Population_data!G:G,"") -> 74.82 | J188: =_xlfn.XLOOKUP(D188,District_Crime_Unit_Map!A:A,District_Crime_Unit_Map!B:B,"") -> Khulna Range | K188: =_xlfn.XLOOKUP(J188,Crime_Data!A:A,Crime_Data!V:V,"") -> 102.32166 | L188: =_xlfn.XLOOKUP(J188,Crime_Data!A:A,Crime_Data!W:W,"") -> 12.212238 | M188: =TRIM(Table6[[#This Row],[District]])&"|"&TRIM(Table6[[#This Row],[Upazila]]) -> Satkhira|Shyamnagar | N188: =_xlfn.XLOOKUP(B188,Remittance_Data!A:A,Remittance_Data!B:B,"CHECK") -> CHECK | O188: =_xlfn.XLOOKUP(B188,Remittance_Data!A:A,Remittance_Data!C:C,"CHECK") -> CHECK | P188: =_xlfn.XLOOKUP(B188,Remittance_Data!A:A,Remittance_Data!D:D,"CHECK") -> CHECK
A189: Satkhira-4 | B189: =SUBSTITUTE(SUBSTITUTE(SUBSTITUTE(SUBSTITUTE(TRIM(Table6[[#This Row],[Constituency]]),"Barisal","Barishal"),"Jessore","Jashore"),"Bogra","Bogura"),"Chapai Nawabganj","Chapainawabganj") -> Satkhira-4 | C189: Kaliganj | D189: Satkhira | E189: =_xlfn.XLOOKUP(C189,Population_data!B:B,Population_data!C:C,"") -> 236.67 | F189: =_xlfn.XLOOKUP(C189,Population_data!B:B,Population_data!D:D,"") -> 310943 | G189: =_xlfn.XLOOKUP(C189,Population_data!B:B,Population_data!E:E,"") -> 1313.83 | H189: =_xlfn.XLOOKUP(C189,Population_data!B:B,Population_data!F:F,"") -> 3.97 | I189: =_xlfn.XLOOKUP(C189,Population_data!B:B,Population_data!G:G,"") -> 79.58 | J189: =_xlfn.XLOOKUP(D189,District_Crime_Unit_Map!A:A,District_Crime_Unit_Map!B:B,"") -> Khulna Range | K189: =_xlfn.XLOOKUP(J189,Crime_Data!A:A,Crime_Data!V:V,"") -> 102.32166 | L189: =_xlfn.XLOOKUP(J189,Crime_Data!A:A,Crime_Data!W:W,"") -> 12.212238 | M189: =TRIM(Table6[[#This Row],[District]])&"|"&TRIM(Table6[[#This Row],[Upazila]]) -> Satkhira|Kaliganj | N189: =_xlfn.XLOOKUP(B189,Remittance_Data!A:A,Remittance_Data!B:B,"CHECK") -> CHECK | O189: =_xlfn.XLOOKUP(B189,Remittance_Data!A:A,Remittance_Data!C:C,"CHECK") -> CHECK | P189: =_xlfn.XLOOKUP(B189,Remittance_Data!A:A,Remittance_Data!D:D,"CHECK") -> CHECK
A190: Barguna-1 | B190: =SUBSTITUTE(SUBSTITUTE(SUBSTITUTE(SUBSTITUTE(TRIM(Table6[[#This Row],[Constituency]]),"Barisal","Barishal"),"Jessore","Jashore"),"Bogra","Bogura"),"Chapai Nawabganj","Chapainawabganj") -> Barguna-1 | C190: Barguna Sadar | D190: Barguna | E190: =_xlfn.XLOOKUP(C190,Population_data!B:B,Population_data!C:C,"") -> 454.6 | F190: =_xlfn.XLOOKUP(C190,Population_data!B:B,Population_data!D:D,"") -> 294350 | G190: =_xlfn.XLOOKUP(C190,Population_data!B:B,Population_data!E:E,"") -> 647.49 | H190: =_xlfn.XLOOKUP(C190,Population_data!B:B,Population_data!F:F,"") -> 3.95 | I190: =_xlfn.XLOOKUP(C190,Population_data!B:B,Population_data!G:G,"") -> 82.28 | J190: =_xlfn.XLOOKUP(D190,District_Crime_Unit_Map!A:A,District_Crime_Unit_Map!B:B,"") -> Barishal Range | K190: =_xlfn.XLOOKUP(J190,Crime_Data!A:A,Crime_Data!V:V,"") -> 112.01965 | L190: =_xlfn.XLOOKUP(J190,Crime_Data!A:A,Crime_Data!W:W,"") -> 22.371674 | M190: =TRIM(Table6[[#This Row],[District]])&"|"&TRIM(Table6[[#This Row],[Upazila]]) -> Barguna|Barguna Sadar | N190: =_xlfn.XLOOKUP(B190,Remittance_Data!A:A,Remittance_Data!B:B,"CHECK") -> CHECK | O190: =_xlfn.XLOOKUP(B190,Remittance_Data!A:A,Remittance_Data!C:C,"CHECK") -> CHECK | P190: =_xlfn.XLOOKUP(B190,Remittance_Data!A:A,Remittance_Data!D:D,"CHECK") -> CHECK
... A294: Dhaka-3 | B294: =SUBSTITUTE(SUBSTITUTE(SUBSTITUTE(SUBSTITUTE(TRIM(Table6[[#This Row],[Constituency]]),"Barisal","Barishal"),"Jessore","Jashore"),"Bogra","Bogura"),"Chapai Nawabganj","Chapainawabganj") -> Dhaka-3 | C294: Keraniganj | D294: Dhaka | E294: =_xlfn.XLOOKUP(C294,Population_data!B:B,Population_data!C:C,"") -> 166.82 | F294: =_xlfn.XLOOKUP(C294,Population_data!B:B,Population_data!D:D,"") -> 1011001 | G294: =_xlfn.XLOOKUP(C294,Population_data!B:B,Population_data!E:E,"") -> 6060.43 | H294: =_xlfn.XLOOKUP(C294,Population_data!B:B,Population_data!F:F,"") -> 3.77 | I294: =_xlfn.XLOOKUP(C294,Population_data!B:B,Population_data!G:G,"") -> 81.18 | J294: =_xlfn.XLOOKUP(D294,District_Crime_Unit_Map!A:A,District_Crime_Unit_Map!B:B,"") -> Dhaka Range | K294: =_xlfn.XLOOKUP(J294,Crime_Data!A:A,Crime_Data!V:V,"") -> 87.055167 | L294: =_xlfn.XLOOKUP(J294,Crime_Data!A:A,Crime_Data!W:W,"") -> 14.083489 | M294: =TRIM(Table6[[#This Row],[District]])&"|"&TRIM(Table6[[#This Row],[Upazila]]) -> Dhaka|Keraniganj | N294: =_xlfn.XLOOKUP(B294,Remittance_Data!A:A,Remittance_Data!B:B,"CHECK") -> CHECK | O294: =_xlfn.XLOOKUP(B294,Remittance_Data!A:A,Remittance_Data!C:C,"CHECK") -> CHECK | P294: =_xlfn.XLOOKUP(B294,Remittance_Data!A:A,Remittance_Data!D:D,"CHECK") -> CHECK
A295: Dhaka-3 | B295: =SUBSTITUTE(SUBSTITUTE(SUBSTITUTE(SUBSTITUTE(TRIM(Table6[[#This Row],[Constituency]]),"Barisal","Barishal"),"Jessore","Jashore"),"Bogra","Bogura"),"Chapai Nawabganj","Chapainawabganj") -> Dhaka-3 | C295: Kotwali | D295: Dhaka | E295: 19.091875 | F295: 643487 | G295: 33705 | H295: 3.73 | I295: 86.16 | J295: =_xlfn.XLOOKUP(D295,District_Crime_Unit_Map!A:A,District_Crime_Unit_Map!B:B,"") -> Dhaka Range | K295: =_xlfn.XLOOKUP(J295,Crime_Data!A:A,Crime_Data!V:V,"") -> 87.055167 | L295: =_xlfn.XLOOKUP(J295,Crime_Data!A:A,Crime_Data!W:W,"") -> 14.083489 | M295: =TRIM(Table6[[#This Row],[District]])&"|"&TRIM(Table6[[#This Row],[Upazila]]) -> Dhaka|Kotwali | N295: =_xlfn.XLOOKUP(B295,Remittance_Data!A:A,Remittance_Data!B:B,"CHECK") -> CHECK | O295: =_xlfn.XLOOKUP(B295,Remittance_Data!A:A,Remittance_Data!C:C,"CHECK") -> CHECK | P295: =_xlfn.XLOOKUP(B295,Remittance_Data!A:A,Remittance_Data!D:D,"CHECK") -> CHECK
A296: Dhaka-4 | B296: =SUBSTITUTE(SUBSTITUTE(SUBSTITUTE(SUBSTITUTE(TRIM(Table6[[#This Row],[Constituency]]),"Barisal","Barishal"),"Jessore","Jashore"),"Bogra","Bogura"),"Chapai Nawabganj","Chapainawabganj") -> Dhaka-4 | C296: Demra | D296: Dhaka | E296: 19.091875 | F296: 643487 | G296: 33705 | H296: 3.73 | I296: 86.16 | J296: =_xlfn.XLOOKUP(D296,District_Crime_Unit_Map!A:A,District_Crime_Unit_Map!B:B,"") -> Dhaka Range | K296: =_xlfn.XLOOKUP(J296,Crime_Data!A:A,Crime_Data!V:V,"") -> 87.055167 | L296: =_xlfn.XLOOKUP(J296,Crime_Data!A:A,Crime_Data!W:W,"") -> 14.083489 | M296: =TRIM(Table6[[#This Row],[District]])&"|"&TRIM(Table6[[#This Row],[Upazila]]) -> Dhaka|Demra | N296: =_xlfn.XLOOKUP(B296,Remittance_Data!A:A,Remittance_Data!B:B,"CHECK") -> CHECK | O296: =_xlfn.XLOOKUP(B296,Remittance_Data!A:A,Remittance_Data!C:C,"CHECK") -> CHECK | P296: =_xlfn.XLOOKUP(B296,Remittance_Data!A:A,Remittance_Data!D:D,"CHECK") -> CHECK
A297: Dhaka-5 | B297: =SUBSTITUTE(SUBSTITUTE(SUBSTITUTE(SUBSTITUTE(TRIM(Table6[[#This Row],[Constituency]]),"Barisal","Barishal"),"Jessore","Jashore"),"Bogra","Bogura"),"Chapai Nawabganj","Chapainawabganj") -> Dhaka-5 | C297: Motijheel | D297: Dhaka | E297: 19.091875 | F297: 643487 | G297: 33705 | H297: 3.73 | I297: 86.16 | J297: =_xlfn.XLOOKUP(D297,District_Crime_Unit_Map!A:A,District_Crime_Unit_Map!B:B,"") -> Dhaka Range | K297: =_xlfn.XLOOKUP(J297,Crime_Data!A:A,Crime_Data!V:V,"") -> 87.055167 | L297: =_xlfn.XLOOKUP(J297,Crime_Data!A:A,Crime_Data!W:W,"") -> 14.083489 | M297: =TRIM(Table6[[#This Row],[District]])&"|"&TRIM(Table6[[#This Row],[Upazila]]) -> Dhaka|Motijheel | N297: =_xlfn.XLOOKUP(B297,Remittance_Data!A:A,Remittance_Data!B:B,"CHECK") -> CHECK | O297: =_xlfn.XLOOKUP(B297,Remittance_Data!A:A,Remittance_Data!C:C,"CHECK") -> CHECK | P297: =_xlfn.XLOOKUP(B297,Remittance_Data!A:A,Remittance_Data!D:D,"CHECK") -> CHECK
A298: Dhaka-6 | B298: =SUBSTITUTE(SUBSTITUTE(SUBSTITUTE(SUBSTITUTE(TRIM(Table6[[#This Row],[Constituency]]),"Barisal","Barishal"),"Jessore","Jashore"),"Bogra","Bogura"),"Chapai Nawabganj","Chapainawabganj") -> Dhaka-6 | C298: Sutrapur | D298: Dhaka | E298: 19.091875 | F298: 643487 | G298: 33705 | H298: 3.73 | I298: 86.16 | J298: =_xlfn.XLOOKUP(D298,District_Crime_Unit_Map!A:A,District_Crime_Unit_Map!B:B,"") -> Dhaka Range | K298: =_xlfn.XLOOKUP(J298,Crime_Data!A:A,Crime_Data!V:V,"") -> 87.055167 | L298: =_xlfn.XLOOKUP(J298,Crime_Data!A:A,Crime_Data!W:W,"") -> 14.083489 | M298: =TRIM(Table6[[#This Row],[District]])&"|"&TRIM(Table6[[#This Row],[Upazila]]) -> Dhaka|Sutrapur | N298: =_xlfn.XLOOKUP(B298,Remittance_Data!A:A,Remittance_Data!B:B,"CHECK") -> CHECK | O298: =_xlfn.XLOOKUP(B298,Remittance_Data!A:A,Remittance_Data!C:C,"CHECK") -> CHECK | P298: =_xlfn.XLOOKUP(B298,Remittance_Data!A:A,Remittance_Data!D:D,"CHECK") -> CHECK
A299: Dhaka-7 | B299: =SUBSTITUTE(SUBSTITUTE(SUBSTITUTE(SUBSTITUTE(TRIM(Table6[[#This Row],[Constituency]]),"Barisal","Barishal"),"Jessore","Jashore"),"Bogra","Bogura"),"Chapai Nawabganj","Chapainawabganj") -> Dhaka-7 | C299: Lalbagh | D299: Dhaka | E299: 19.091875 | F299: 643487 | G299: 33705 | H299: 3.73 | I299: 86.16 | J299: =_xlfn.XLOOKUP(D299,District_Crime_Unit_Map!A:A,District_Crime_Unit_Map!B:B,"") -> Dhaka Range | K299: =_xlfn.XLOOKUP(J299,Crime_Data!A:A,Crime_Data!V:V,"") -> 87.055167 | L299: =_xlfn.XLOOKUP(J299,Crime_Data!A:A,Crime_Data!W:W,"") -> 14.083489 | M299: =TRIM(Table6[[#This Row],[District]])&"|"&TRIM(Table6[[#This Row],[Upazila]]) -> Dhaka|Lalbagh | N299: =_xlfn.XLOOKUP(B299,Remittance_Data!A:A,Remittance_Data!B:B,"CHECK") -> CHECK | O299: =_xlfn.XLOOKUP(B299,Remittance_Data!A:A,Remittance_Data!C:C,"CHECK") -> CHECK | P299: =_xlfn.XLOOKUP(B299,Remittance_Data!A:A,Remittance_Data!D:D,"CHECK") -> CHECK
A300: Dhaka-8 | B300: =SUBSTITUTE(SUBSTITUTE(SUBSTITUTE(SUBSTITUTE(TRIM(Table6[[#This Row],[Constituency]]),"Barisal","Barishal"),"Jessore","Jashore"),"Bogra","Bogura"),"Chapai Nawabganj","Chapainawabganj") -> Dhaka-8 | C300: Ramna | D300: Dhaka | E300: 19.091875 | F300: 643487 | G300: 33705 | H300: 3.73 | I300: 86.16 | J300: =_xlfn.XLOOKUP(D300,District_Crime_Unit_Map!A:A,District_Crime_Unit_Map!B:B,"") -> Dhaka Range | K300: =_xlfn.XLOOKUP(J300,Crime_Data!A:A,Crime_Data!V:V,"") -> 87.055167 | L300: =_xlfn.XLOOKUP(J300,Crime_Data!A:A,Crime_Data!W:W,"") -> 14.083489 | M300: =TRIM(Table6[[#This Row],[District]])&"|"&TRIM(Table6[[#This Row],[Upazila]]) -> Dhaka|Ramna | N300: =_xlfn.XLOOKUP(B300,Remittance_Data!A:A,Remittance_Data!B:B,"CHECK") -> CHECK | O300: =_xlfn.XLOOKUP(B300,Remittance_Data!A:A,Remittance_Data!C:C,"CHECK") -> CHECK | P300: =_xlfn.XLOOKUP(B300,Remittance_Data!A:A,Remittance_Data!D:D,"CHECK") -> CHECK
A301: Dhaka-9 | B301: =SUBSTITUTE(SUBSTITUTE(SUBSTITUTE(SUBSTITUTE(TRIM(Table6[[#This Row],[Constituency]]),"Barisal","Barishal"),"Jessore","Jashore"),"Bogra","Bogura"),"Chapai Nawabganj","Chapainawabganj") -> Dhaka-9 | C301: Khilgaon | D301: Dhaka | E301: 19.091875 | F301: 643487 | G301: 33705 | H301: 3.73 | I301: 86.16 | J301: =_xlfn.XLOOKUP(D301,District_Crime_Unit_Map!A:A,District_Crime_Unit_Map!B:B,"") -> Dhaka Range | K301: =_xlfn.XLOOKUP(J301,Crime_Data!A:A,Crime_Data!V:V,"") -> 87.055167 | L301: =_xlfn.XLOOKUP(J301,Crime_Data!A:A,Crime_Data!W:W,"") -> 14.083489 | M301: =TRIM(Table6[[#This Row],[District]])&"|"&TRIM(Table6[[#This Row],[Upazila]]) -> Dhaka|Khilgaon | N301: =_xlfn.XLOOKUP(B301,Remittance_Data!A:A,Remittance_Data!B:B,"CHECK") -> CHECK | O301: =_xlfn.XLOOKUP(B301,Remittance_Data!A:A,Remittance_Data!C:C,"CHECK") -> CHECK | P301: =_xlfn.XLOOKUP(B301,Remittance_Data!A:A,Remittance_Data!D:D,"CHECK") -> CHECK
A302: Dhaka-10 | B302: =SUBSTITUTE(SUBSTITUTE(SUBSTITUTE(SUBSTITUTE(TRIM(Table6[[#This Row],[Constituency]]),"Barisal","Barishal"),"Jessore","Jashore"),"Bogra","Bogura"),"Chapai Nawabganj","Chapainawabganj") -> Dhaka-10 | C302: Dhanmondi | D302: Dhaka | E302: 19.091875 | F302: 643487 | G302: 33705 | H302: 3.73 | I302: 86.16 | J302: =_xlfn.XLOOKUP(D302,District_Crime_Unit_Map!A:A,District_Crime_Unit_Map!B:B,"") -> Dhaka Range | K302: =_xlfn.XLOOKUP(J302,Crime_Data!A:A,Crime_Data!V:V,"") -> 87.055167 | L302: =_xlfn.XLOOKUP(J302,Crime_Data!A:A,Crime_Data!W:W,"") -> 14.083489 | M302: =TRIM(Table6[[#This Row],[District]])&"|"&TRIM(Table6[[#This Row],[Upazila]]) -> Dhaka|Dhanmondi | N302: =_xlfn.XLOOKUP(B302,Remittance_Data!A:A,Remittance_Data!B:B,"CHECK") -> CHECK | O302: =_xlfn.XLOOKUP(B302,Remittance_Data!A:A,Remittance_Data!C:C,"CHECK") -> CHECK | P302: =_xlfn.XLOOKUP(B302,Remittance_Data!A:A,Remittance_Data!D:D,"CHECK") -> CHECK
A303: Dhaka-11 | B303: =SUBSTITUTE(SUBSTITUTE(SUBSTITUTE(SUBSTITUTE(TRIM(Table6[[#This Row],[Constituency]]),"Barisal","Barishal"),"Jessore","Jashore"),"Bogra","Bogura"),"Chapai Nawabganj","Chapainawabganj") -> Dhaka-11 | C303: Gulshan | D303: Dhaka | E303: 19.091875 | F303: 643487 | G303: 33705 | H303: 3.73 | I303: 86.16 | J303: =_xlfn.XLOOKUP(D303,District_Crime_Unit_Map!A:A,District_Crime_Unit_Map!B:B,"") -> Dhaka Range | K303: =_xlfn.XLOOKUP(J303,Crime_Data!A:A,Crime_Data!V:V,"") -> 87.055167 | L303: =_xlfn.XLOOKUP(J303,Crime_Data!A:A,Crime_Data!W:W,"") -> 14.083489 | M303: =TRIM(Table6[[#This Row],[District]])&"|"&TRIM(Table6[[#This Row],[Upazila]]) -> Dhaka|Gulshan | N303: =_xlfn.XLOOKUP(B303,Remittance_Data!A:A,Remittance_Data!B:B,"CHECK") -> CHECK | O303: =_xlfn.XLOOKUP(B303,Remittance_Data!A:A,Remittance_Data!C:C,"CHECK") -> CHECK | P303: =_xlfn.XLOOKUP(B303,Remittance_Data!A:A,Remittance_Data!D:D,"CHECK") -> CHECK
A304: Dhaka-12 | B304: =SUBSTITUTE(SUBSTITUTE(SUBSTITUTE(SUBSTITUTE(TRIM(Table6[[#This Row],[Constituency]]),"Barisal","Barishal"),"Jessore","Jashore"),"Bogra","Bogura"),"Chapai Nawabganj","Chapainawabganj") -> Dhaka-12 | C304: Mohammadpur | D304: Dhaka | E304: 19.091875 | F304: 643487 | G304: 33705 | H304: 3.73 | I304: 86.16 | J304: =_xlfn.XLOOKUP(D304,District_Crime_Unit_Map!A:A,District_Crime_Unit_Map!B:B,"") -> Dhaka Range | K304: =_xlfn.XLOOKUP(J304,Crime_Data!A:A,Crime_Data!V:V,"") -> 87.055167 | L304: =_xlfn.XLOOKUP(J304,Crime_Data!A:A,Crime_Data!W:W,"") -> 14.083489 | M304: =TRIM(Table6[[#This Row],[District]])&"|"&TRIM(Table6[[#This Row],[Upazila]]) -> Dhaka|Mohammadpur | N304: =_xlfn.XLOOKUP(B304,Remittance_Data!A:A,Remittance_Data!B:B,"CHECK") -> CHECK | O304: =_xlfn.XLOOKUP(B304,Remittance_Data!A:A,Remittance_Data!C:C,"CHECK") -> CHECK | P304: =_xlfn.XLOOKUP(B304,Remittance_Data!A:A,Remittance_Data!D:D,"CHECK") -> CHECK
A305: Dhaka-13 | B305: =SUBSTITUTE(SUBSTITUTE(SUBSTITUTE(SUBSTITUTE(TRIM(Table6[[#This Row],[Constituency]]),"Barisal","Barishal"),"Jessore","Jashore"),"Bogra","Bogura"),"Chapai Nawabganj","Chapainawabganj") -> Dhaka-13 | C305: Adabor | D305: Dhaka | E305: 19.091875 | F305: 643486 | G305: 33705 | H305: 3.73 | I305: 86.16 | J305: =_xlfn.XLOOKUP(D305,District_Crime_Unit_Map!A:A,District_Crime_Unit_Map!B:B,"") -> Dhaka Range | K305: =_xlfn.XLOOKUP(J305,Crime_Data!A:A,Crime_Data!V:V,"") -> 87.055167 | L305: =_xlfn.XLOOKUP(J305,Crime_Data!A:A,Crime_Data!W:W,"") -> 14.083489 | M305: =TRIM(Table6[[#This Row],[District]])&"|"&TRIM(Table6[[#This Row],[Upazila]]) -> Dhaka|Adabor | N305: =_xlfn.XLOOKUP(B305,Remittance_Data!A:A,Remittance_Data!B:B,"CHECK") -> CHECK | O305: =_xlfn.XLOOKUP(B305,Remittance_Data!A:A,Remittance_Data!C:C,"CHECK") -> CHECK | P305: =_xlfn.XLOOKUP(B305,Remittance_Data!A:A,Remittance_Data!D:D,"CHECK") -> CHECK
A306: Dhaka-14 | B306: =SUBSTITUTE(SUBSTITUTE(SUBSTITUTE(SUBSTITUTE(TRIM(Table6[[#This Row],[Constituency]]),"Barisal","Barishal"),"Jessore","Jashore"),"Bogra","Bogura"),"Chapai Nawabganj","Chapainawabganj") -> Dhaka-14 | C306: Mirpur | D306: Dhaka | E306: 19.091875 | F306: 643486 | G306: 33705 | H306: 3.73 | I306: 86.16 | J306: =_xlfn.XLOOKUP(D306,District_Crime_Unit_Map!A:A,District_Crime_Unit_Map!B:B,"") -> Dhaka Range | K306: =_xlfn.XLOOKUP(J306,Crime_Data!A:A,Crime_Data!V:V,"") -> 87.055167 | L306: =_xlfn.XLOOKUP(J306,Crime_Data!A:A,Crime_Data!W:W,"") -> 14.083489 | M306: =TRIM(Table6[[#This Row],[District]])&"|"&TRIM(Table6[[#This Row],[Upazila]]) -> Dhaka|Mirpur | N306: =_xlfn.XLOOKUP(B306,Remittance_Data!A:A,Remittance_Data!B:B,"CHECK") -> CHECK | O306: =_xlfn.XLOOKUP(B306,Remittance_Data!A:A,Remittance_Data!C:C,"CHECK") -> CHECK | P306: =_xlfn.XLOOKUP(B306,Remittance_Data!A:A,Remittance_Data!D:D,"CHECK") -> CHECK
... A310: Dhaka-18 | B310: =SUBSTITUTE(SUBSTITUTE(SUBSTITUTE(SUBSTITUTE(TRIM(Table6[[#This Row],[Constituency]]),"Barisal","Barishal"),"Jessore","Jashore"),"Bogra","Bogura"),"Chapai Nawabganj","Chapainawabganj") -> Dhaka-18 | C310: Uttara | D310: Dhaka | E310: 19.091875 | F310: 643486 | G310: 33705 | H310: 3.73 | I310: 86.16 | J310: =_xlfn.XLOOKUP(D310,District_Crime_Unit_Map!A:A,District_Crime_Unit_Map!B:B,"") -> Dhaka Range | K310: =_xlfn.XLOOKUP(J310,Crime_Data!A:A,Crime_Data!V:V,"") -> 87.055167 | L310: =_xlfn.XLOOKUP(J310,Crime_Data!A:A,Crime_Data!W:W,"") -> 14.083489 | M310: =TRIM(Table6[[#This Row],[District]])&"|"&TRIM(Table6[[#This Row],[Upazila]]) -> Dhaka|Uttara | N310: =_xlfn.XLOOKUP(B310,Remittance_Data!A:A,Remittance_Data!B:B,"CHECK") -> CHECK | O310: =_xlfn.XLOOKUP(B310,Remittance_Data!A:A,Remittance_Data!C:C,"CHECK") -> CHECK | P310: =_xlfn.XLOOKUP(B310,Remittance_Data!A:A,Remittance_Data!D:D,"CHECK") -> CHECK
A311: Dhaka-19 | B311: =SUBSTITUTE(SUBSTITUTE(SUBSTITUTE(SUBSTITUTE(TRIM(Table6[[#This Row],[Constituency]]),"Barisal","Barishal"),"Jessore","Jashore"),"Bogra","Bogura"),"Chapai Nawabganj","Chapainawabganj") -> Dhaka-19 | C311: Savar | D311: Dhaka | E311: =_xlfn.XLOOKUP(C311,Population_data!B:B,Population_data!C:C,"") -> 249.13 | F311: =_xlfn.XLOOKUP(C311,Population_data!B:B,Population_data!D:D,"") -> 2311612 | G311: =_xlfn.XLOOKUP(C311,Population_data!B:B,Population_data!E:E,"") -> 9278.74 | H311: =_xlfn.XLOOKUP(C311,Population_data!B:B,Population_data!F:F,"") -> 3.08 | I311: =_xlfn.XLOOKUP(C311,Population_data!B:B,Population_data!G:G,"") -> 84.38 | J311: =_xlfn.XLOOKUP(D311,District_Crime_Unit_Map!A:A,District_Crime_Unit_Map!B:B,"") -> Dhaka Range | K311: =_xlfn.XLOOKUP(J311,Crime_Data!A:A,Crime_Data!V:V,"") -> 87.055167 | L311: =_xlfn.XLOOKUP(J311,Crime_Data!A:A,Crime_Data!W:W,"") -> 14.083489 | M311: =TRIM(Table6[[#This Row],[District]])&"|"&TRIM(Table6[[#This Row],[Upazila]]) -> Dhaka|Savar | N311: =_xlfn.XLOOKUP(B311,Remittance_Data!A:A,Remittance_Data!B:B,"CHECK") -> CHECK | O311: =_xlfn.XLOOKUP(B311,Remittance_Data!A:A,Remittance_Data!C:C,"CHECK") -> CHECK | P311: =_xlfn.XLOOKUP(B311,Remittance_Data!A:A,Remittance_Data!D:D,"CHECK") -> CHECK
A312: Dhaka-20 | B312: =SUBSTITUTE(SUBSTITUTE(SUBSTITUTE(SUBSTITUTE(TRIM(Table6[[#This Row],[Constituency]]),"Barisal","Barishal"),"Jessore","Jashore"),"Bogra","Bogura"),"Chapai Nawabganj","Chapainawabganj") -> Dhaka-20 | C312: Dhamrai | D312: Dhaka | E312: =_xlfn.XLOOKUP(C312,Population_data!B:B,Population_data!C:C,"") -> 307.83 | F312: =_xlfn.XLOOKUP(C312,Population_data!B:B,Population_data!D:D,"") -> 517117 | G312: =_xlfn.XLOOKUP(C312,Population_data!B:B,Population_data!E:E,"") -> 1679.88 | H312: =_xlfn.XLOOKUP(C312,Population_data!B:B,Population_data!F:F,"") -> 3.82 | I312: =_xlfn.XLOOKUP(C312,Population_data!B:B,Population_data!G:G,"") -> 73.72 | J312: =_xlfn.XLOOKUP(D312,District_Crime_Unit_Map!A:A,District_Crime_Unit_Map!B:B,"") -> Dhaka Range | K312: =_xlfn.XLOOKUP(J312,Crime_Data!A:A,Crime_Data!V:V,"") -> 87.055167 | L312: =_xlfn.XLOOKUP(J312,Crime_Data!A:A,Crime_Data!W:W,"") -> 14.083489 | M312: =TRIM(Table6[[#This Row],[District]])&"|"&TRIM(Table6[[#This Row],[Upazila]]) -> Dhaka|Dhamrai | N312: =_xlfn.XLOOKUP(B312,Remittance_Data!A:A,Remittance_Data!B:B,"CHECK") -> CHECK | O312: =_xlfn.XLOOKUP(B312,Remittance_Data!A:A,Remittance_Data!C:C,"CHECK") -> CHECK | P312: =_xlfn.XLOOKUP(B312,Remittance_Data!A:A,Remittance_Data!D:D,"CHECK") -> CHECK
A313: Gazipur-1 | B313: =SUBSTITUTE(SUBSTITUTE(SUBSTITUTE(SUBSTITUTE(TRIM(Table6[[#This Row],[Constituency]]),"Barisal","Barishal"),"Jessore","Jashore"),"Bogra","Bogura"),"Chapai Nawabganj","Chapainawabganj") -> Gazipur-1 | C313: Kaliganj | D313: Gazipur | E313: =_xlfn.XLOOKUP(C313,Population_data!B:B,Population_data!C:C,"") -> 236.67 | F313: =_xlfn.XLOOKUP(C313,Population_data!B:B,Population_data!D:D,"") -> 310943 | G313: =_xlfn.XLOOKUP(C313,Population_data!B:B,Population_data!E:E,"") -> 1313.83 | H313: =_xlfn.XLOOKUP(C313,Population_data!B:B,Population_data!F:F,"") -> 3.97 | I313: =_xlfn.XLOOKUP(C313,Population_data!B:B,Population_data!G:G,"") -> 79.58 | J313: =_xlfn.XLOOKUP(D313,District_Crime_Unit_Map!A:A,District_Crime_Unit_Map!B:B,"") -> Dhaka Range | K313: =_xlfn.XLOOKUP(J313,Crime_Data!A:A,Crime_Data!V:V,"") -> 87.055167 | L313: =_xlfn.XLOOKUP(J313,Crime_Data!A:A,Crime_Data!W:W,"") -> 14.083489 | M313: =TRIM(Table6[[#This Row],[District]])&"|"&TRIM(Table6[[#This Row],[Upazila]]) -> Gazipur|Kaliganj | N313: =_xlfn.XLOOKUP(B313,Remittance_Data!A:A,Remittance_Data!B:B,"CHECK") -> CHECK | O313: =_xlfn.XLOOKUP(B313,Remittance_Data!A:A,Remittance_Data!C:C,"CHECK") -> CHECK | P313: =_xlfn.XLOOKUP(B313,Remittance_Data!A:A,Remittance_Data!D:D,"CHECK") -> CHECK
A314: Gazipur-2 | B314: =SUBSTITUTE(SUBSTITUTE(SUBSTITUTE(SUBSTITUTE(TRIM(Table6[[#This Row],[Constituency]]),"Barisal","Barishal"),"Jessore","Jashore"),"Bogra","Bogura"),"Chapai Nawabganj","Chapainawabganj") -> Gazipur-2 | C314: Kaliakair | D314: Gazipur | E314: =_xlfn.XLOOKUP(C314,Population_data!B:B,Population_data!C:C,"") -> 214.63 | F314: =_xlfn.XLOOKUP(C314,Population_data!B:B,Population_data!D:D,"") -> 694574 | G314: =_xlfn.XLOOKUP(C314,Population_data!B:B,Population_data!E:E,"") -> 3236.15 | H314: =_xlfn.XLOOKUP(C314,Population_data!B:B,Population_data!F:F,"") -> 3.26 | I314: =_xlfn.XLOOKUP(C314,Population_data!B:B,Population_data!G:G,"") -> 80.19 | J314: =_xlfn.XLOOKUP(D314,District_Crime_Unit_Map!A:A,District_Crime_Unit_Map!B:B,"") -> Dhaka Range | K314: =_xlfn.XLOOKUP(J314,Crime_Data!A:A,Crime_Data!V:V,"") -> 87.055167 | L314: =_xlfn.XLOOKUP(J314,Crime_Data!A:A,Crime_Data!W:W,"") -> 14.083489 | M314: =TRIM(Table6[[#This Row],[District]])&"|"&TRIM(Table6[[#This Row],[Upazila]]) -> Gazipur|Kaliakair | N314: =_xlfn.XLOOKUP(B314,Remittance_Data!A:A,Remittance_Data!B:B,"CHECK") -> CHECK | O314: =_xlfn.XLOOKUP(B314,Remittance_Data!A:A,Remittance_Data!C:C,"CHECK") -> CHECK | P314: =_xlfn.XLOOKUP(B314,Remittance_Data!A:A,Remittance_Data!D:D,"CHECK") -> CHECK
A315: Gazipur-3 | B315: =SUBSTITUTE(SUBSTITUTE(SUBSTITUTE(SUBSTITUTE(TRIM(Table6[[#This Row],[Constituency]]),"Barisal","Barishal"),"Jessore","Jashore"),"Bogra","Bogura"),"Chapai Nawabganj","Chapainawabganj") -> Gazipur-3 | C315: Sreepur | D315: Gazipur | E315: =_xlfn.XLOOKUP(C315,Population_data!B:B,Population_data!C:C,"") -> 353.67 | F315: =_xlfn.XLOOKUP(C315,Population_data!B:B,Population_data!D:D,"") -> 855204 | G315: =_xlfn.XLOOKUP(C315,Population_data!B:B,Population_data!E:E,"") -> 2418.08 | H315: =_xlfn.XLOOKUP(C315,Population_data!B:B,Population_data!F:F,"") -> 3.34 | I315: =_xlfn.XLOOKUP(C315,Population_data!B:B,Population_data!G:G,"") -> 78.15 | J315: =_xlfn.XLOOKUP(D315,District_Crime_Unit_Map!A:A,District_Crime_Unit_Map!B:B,"") -> Dhaka Range | K315: =_xlfn.XLOOKUP(J315,Crime_Data!A:A,Crime_Data!V:V,"") -> 87.055167 | L315: =_xlfn.XLOOKUP(J315,Crime_Data!A:A,Crime_Data!W:W,"") -> 14.083489 | M315: =TRIM(Table6[[#This Row],[District]])&"|"&TRIM(Table6[[#This Row],[Upazila]]) -> Gazipur|Sreepur | N315: =_xlfn.XLOOKUP(B315,Remittance_Data!A:A,Remittance_Data!B:B,"CHECK") -> CHECK | O315: =_xlfn.XLOOKUP(B315,Remittance_Data!A:A,Remittance_Data!C:C,"CHECK") -> CHECK | P315: =_xlfn.XLOOKUP(B315,Remittance_Data!A:A,Remittance_Data!D:D,"CHECK") -> CHECK
A316: Gazipur-4 | B316: =SUBSTITUTE(SUBSTITUTE(SUBSTITUTE(SUBSTITUTE(TRIM(Table6[[#This Row],[Constituency]]),"Barisal","Barishal"),"Jessore","Jashore"),"Bogra","Bogura"),"Chapai Nawabganj","Chapainawabganj") -> Gazipur-4 | C316: Kapasia | D316: Gazipur | E316: =_xlfn.XLOOKUP(C316,Population_data!B:B,Population_data!C:C,"") -> 356.33 | F316: =_xlfn.XLOOKUP(C316,Population_data!B:B,Population_data!D:D,"") -> 379093 | G316: =_xlfn.XLOOKUP(C316,Population_data!B:B,Population_data!E:E,"") -> 1063.88 | H316: =_xlfn.XLOOKUP(C316,Population_data!B:B,Population_data!F:F,"") -> 3.83 | I316: =_xlfn.XLOOKUP(C316,Population_data!B:B,Population_data!G:G,"") -> 77.85 | J316: =_xlfn.XLOOKUP(D316,District_Crime_Unit_Map!A:A,District_Crime_Unit_Map!B:B,"") -> Dhaka Range | K316: =_xlfn.XLOOKUP(J316,Crime_Data!A:A,Crime_Data!V:V,"") -> 87.055167 | L316: =_xlfn.XLOOKUP(J316,Crime_Data!A:A,Crime_Data!W:W,"") -> 14.083489 | M316: =TRIM(Table6[[#This Row],[District]])&"|"&TRIM(Table6[[#This Row],[Upazila]]) -> Gazipur|Kapasia | N316: =_xlfn.XLOOKUP(B316,Remittance_Data!A:A,Remittance_Data!B:B,"CHECK") -> CHECK | O316: =_xlfn.XLOOKUP(B316,Remittance_Data!A:A,Remittance_Data!C:C,"CHECK") -> CHECK | P316: =_xlfn.XLOOKUP(B316,Remittance_Data!A:A,Remittance_Data!D:D,"CHECK") -> CHECK
A317: Gazipur-5 | B317: =SUBSTITUTE(SUBSTITUTE(SUBSTITUTE(SUBSTITUTE(TRIM(Table6[[#This Row],[Constituency]]),"Barisal","Barishal"),"Jessore","Jashore"),"Bogra","Bogura"),"Chapai Nawabganj","Chapainawabganj") -> Gazipur-5 | C317: Gazipur Sadar | D317: Gazipur | E317: =_xlfn.XLOOKUP(C317,Population_data!B:B,Population_data!C:C,"") -> 174.09 | F317: =_xlfn.XLOOKUP(C317,Population_data!B:B,Population_data!D:D,"") -> 345760 | G317: =_xlfn.XLOOKUP(C317,Population_data!B:B,Population_data!E:E,"") -> 1986.1 | H317: =_xlfn.XLOOKUP(C317,Population_data!B:B,Population_data!F:F,"") -> 3.18 | I317: =_xlfn.XLOOKUP(C317,Population_data!B:B,Population_data!G:G,"") -> 80.68 | J317: =_xlfn.XLOOKUP(D317,District_Crime_Unit_Map!A:A,District_Crime_Unit_Map!B:B,"") -> Dhaka Range | K317: =_xlfn.XLOOKUP(J317,Crime_Data!A:A,Crime_Data!V:V,"") -> 87.055167 | L317: =_xlfn.XLOOKUP(J317,Crime_Data!A:A,Crime_Data!W:W,"") -> 14.083489 | M317: =TRIM(Table6[[#This Row],[District]])&"|"&TRIM(Table6[[#This Row],[Upazila]]) -> Gazipur|Gazipur Sadar | N317: =_xlfn.XLOOKUP(B317,Remittance_Data!A:A,Remittance_Data!B:B,"CHECK") -> CHECK | O317: =_xlfn.XLOOKUP(B317,Remittance_Data!A:A,Remittance_Data!C:C,"CHECK") -> CHECK | P317: =_xlfn.XLOOKUP(B317,Remittance_Data!A:A,Remittance_Data!D:D,"CHECK") -> CHECK
A318: Narsingdi-1 | B318: =SUBSTITUTE(SUBSTITUTE(SUBSTITUTE(SUBSTITUTE(TRIM(Table6[[#This Row],[Constituency]]),"Barisal","Barishal"),"Jessore","Jashore"),"Bogra","Bogura"),"Chapai Nawabganj","Chapainawabganj") -> Narsingdi-1 | C318: Narsingdi Sadar | D318: Narsingdi | E318: =_xlfn.XLOOKUP(C318,Population_data!B:B,Population_data!C:C,"") -> 213.78 | F318: =_xlfn.XLOOKUP(C318,Population_data!B:B,Population_data!D:D,"") -> 852310 | G318: =_xlfn.XLOOKUP(C318,Population_data!B:B,Population_data!E:E,"") -> 3986.86 | H318: =_xlfn.XLOOKUP(C318,Population_data!B:B,Population_data!F:F,"") -> 4.04 | I318: =_xlfn.XLOOKUP(C318,Population_data!B:B,Population_data!G:G,"") -> 75.61 | J318: =_xlfn.XLOOKUP(D318,District_Crime_Unit_Map!A:A,District_Crime_Unit_Map!B:B,"") -> Dhaka Range | K318: =_xlfn.XLOOKUP(J318,Crime_Data!A:A,Crime_Data!V:V,"") -> 87.055167 | L318: =_xlfn.XLOOKUP(J318,Crime_Data!A:A,Crime_Data!W:W,"") -> 14.083489 | M318: =TRIM(Table6[[#This Row],[District]])&"|"&TRIM(Table6[[#This Row],[Upazila]]) -> Narsingdi|Narsingdi Sadar | N318: =_xlfn.XLOOKUP(B318,Remittance_Data!A:A,Remittance_Data!B:B,"CHECK") -> CHECK | O318: =_xlfn.XLOOKUP(B318,Remittance_Data!A:A,Remittance_Data!C:C,"CHECK") -> CHECK | P318: =_xlfn.XLOOKUP(B318,Remittance_Data!A:A,Remittance_Data!D:D,"CHECK") -> CHECK
A319: Narsingdi-2 | B319: =SUBSTITUTE(SUBSTITUTE(SUBSTITUTE(SUBSTITUTE(TRIM(Table6[[#This Row],[Constituency]]),"Barisal","Barishal"),"Jessore","Jashore"),"Bogra","Bogura"),"Chapai Nawabganj","Chapainawabganj") -> Narsingdi-2 | C319: Palash | D319: Narsingdi | E319: =_xlfn.XLOOKUP(C319,Population_data!B:B,Population_data!C:C,"") -> 123.38 | F319: =_xlfn.XLOOKUP(C319,Population_data!B:B,Population_data!D:D,"") -> 249151 | G319: =_xlfn.XLOOKUP(C319,Population_data!B:B,Population_data!E:E,"") -> 2019.38 | H319: =_xlfn.XLOOKUP(C319,Population_data!B:B,Population_data!F:F,"") -> 3.96 | I319: =_xlfn.XLOOKUP(C319,Population_data!B:B,Population_data!G:G,"") -> 79.35 | J319: =_xlfn.XLOOKUP(D319,District_Crime_Unit_Map!A:A,District_Crime_Unit_Map!B:B,"") -> Dhaka Range | K319: =_xlfn.XLOOKUP(J319,Crime_Data!A:A,Crime_Data!V:V,"") -> 87.055167 | L319: =_xlfn.XLOOKUP(J319,Crime_Data!A:A,Crime_Data!W:W,"") -> 14.083489 | M319: =TRIM(Table6[[#This Row],[District]])&"|"&TRIM(Table6[[#This Row],[Upazila]]) -> Narsingdi|Palash | N319: =_xlfn.XLOOKUP(B319,Remittance_Data!A:A,Remittance_Data!B:B,"CHECK") -> CHECK | O319: =_xlfn.XLOOKUP(B319,Remittance_Data!A:A,Remittance_Data!C:C,"CHECK") -> CHECK | P319: =_xlfn.XLOOKUP(B319,Remittance_Data!A:A,Remittance_Data!D:D,"CHECK") -> CHECK
A320: Narsingdi-3 | B320: =SUBSTITUTE(SUBSTITUTE(SUBSTITUTE(SUBSTITUTE(TRIM(Table6[[#This Row],[Constituency]]),"Barisal","Barishal"),"Jessore","Jashore"),"Bogra","Bogura"),"Chapai Nawabganj","Chapainawabganj") -> Narsingdi-3 | C320: Shibpur | D320: Narsingdi | E320: =_xlfn.XLOOKUP(C320,Population_data!B:B,Population_data!C:C,"") -> 247.26 | F320: =_xlfn.XLOOKUP(C320,Population_data!B:B,Population_data!D:D,"") -> 360123 | G320: =_xlfn.XLOOKUP(C320,Population_data!B:B,Population_data!E:E,"") -> 1456.45 | H320: =_xlfn.XLOOKUP(C320,Population_data!B:B,Population_data!F:F,"") -> 4.05 | I320: =_xlfn.XLOOKUP(C320,Population_data!B:B,Population_data!G:G,"") -> 76.96 | J320: =_xlfn.XLOOKUP(D320,District_Crime_Unit_Map!A:A,District_Crime_Unit_Map!B:B,"") -> Dhaka Range | K320: =_xlfn.XLOOKUP(J320,Crime_Data!A:A,Crime_Data!V:V,"") -> 87.055167 | L320: =_xlfn.XLOOKUP(J320,Crime_Data!A:A,Crime_Data!W:W,"") -> 14.083489 | M320: =TRIM(Table6[[#This Row],[District]])&"|"&TRIM(Table6[[#This Row],[Upazila]]) -> Narsingdi|Shibpur | N320: =_xlfn.XLOOKUP(B320,Remittance_Data!A:A,Remittance_Data!B:B,"CHECK") -> CHECK | O320: =_xlfn.XLOOKUP(B320,Remittance_Data!A:A,Remittance_Data!C:C,"CHECK") -> CHECK | P320: =_xlfn.XLOOKUP(B320,Remittance_Data!A:A,Remittance_Data!D:D,"CHECK") -> CHECK
A321: Narsingdi-4 | B321: =SUBSTITUTE(SUBSTITUTE(SUBSTITUTE(SUBSTITUTE(TRIM(Table6[[#This Row],[Constituency]]),"Barisal","Barishal"),"Jessore","Jashore"),"Bogra","Bogura"),"Chapai Nawabganj","Chapainawabganj") -> Narsingdi-4 | C321: Belabo | D321: Narsingdi | E321: =_xlfn.XLOOKUP(C321,Population_data!B:B,Population_data!C:C,"") -> 129.48 | F321: =_xlfn.XLOOKUP(C321,Population_data!B:B,Population_data!D:D,"") -> 213587 | G321: =_xlfn.XLOOKUP(C321,Population_data!B:B,Population_data!E:E,"") -> 1649.58 | H321: =_xlfn.XLOOKUP(C321,Population_data!B:B,Population_data!F:F,"") -> 4.12 | I321: =_xlfn.XLOOKUP(C321,Population_data!B:B,Population_data!G:G,"") -> 73.5 | J321: =_xlfn.XLOOKUP(D321,District_Crime_Unit_Map!A:A,District_Crime_Unit_Map!B:B,"") -> Dhaka Range | K321: =_xlfn.XLOOKUP(J321,Crime_Data!A:A,Crime_Data!V:V,"") -> 87.055167 | L321: =_xlfn.XLOOKUP(J321,Crime_Data!A:A,Crime_Data!W:W,"") -> 14.083489 | M321: =TRIM(Table6[[#This Row],[District]])&"|"&TRIM(Table6[[#This Row],[Upazila]]) -> Narsingdi|Belabo | N321: =_xlfn.XLOOKUP(B321,Remittance_Data!A:A,Remittance_Data!B:B,"CHECK") -> CHECK | O321: =_xlfn.XLOOKUP(B321,Remittance_Data!A:A,Remittance_Data!C:C,"CHECK") -> CHECK | P321: =_xlfn.XLOOKUP(B321,Remittance_Data!A:A,Remittance_Data!D:D,"CHECK") -> CHECK
A322: Narsingdi-4 | B322: =SUBSTITUTE(SUBSTITUTE(SUBSTITUTE(SUBSTITUTE(TRIM(Table6[[#This Row],[Constituency]]),"Barisal","Barishal"),"Jessore","Jashore"),"Bogra","Bogura"),"Chapai Nawabganj","Chapainawabganj") -> Narsingdi-4 | C322: Monohardi | D322: Narsingdi | E322: =_xlfn.XLOOKUP(C322,Population_data!B:B,Population_data!C:C,"") -> 154.65 | F322: =_xlfn.XLOOKUP(C322,Population_data!B:B,Population_data!D:D,"") -> 298603 | G322: =_xlfn.XLOOKUP(C322,Population_data!B:B,Population_data!E:E,"") -> 1930.83 | H322: =_xlfn.XLOOKUP(C322,Population_data!B:B,Population_data!F:F,"") -> 3.88 | I322: =_xlfn.XLOOKUP(C322,Population_data!B:B,Population_data!G:G,"") -> 75.3 | J322: =_xlfn.XLOOKUP(D322,District_Crime_Unit_Map!A:A,District_Crime_Unit_Map!B:B,"") -> Dhaka Range | K322: =_xlfn.XLOOKUP(J322,Crime_Data!A:A,Crime_Data!V:V,"") -> 87.055167 | L322: =_xlfn.XLOOKUP(J322,Crime_Data!A:A,Crime_Data!W:W,"") -> 14.083489 | M322: =TRIM(Table6[[#This Row],[District]])&"|"&TRIM(Table6[[#This Row],[Upazila]]) -> Narsingdi|Monohardi | N322: =_xlfn.XLOOKUP(B322,Remittance_Data!A:A,Remittance_Data!B:B,"CHECK") -> CHECK | O322: =_xlfn.XLOOKUP(B322,Remittance_Data!A:A,Remittance_Data!C:C,"CHECK") -> CHECK | P322: =_xlfn.XLOOKUP(B322,Remittance_Data!A:A,Remittance_Data!D:D,"CHECK") -> CHECK
... A369: Sunamganj-5 | B369: =SUBSTITUTE(SUBSTITUTE(SUBSTITUTE(SUBSTITUTE(TRIM(Table6[[#This Row],[Constituency]]),"Barisal","Barishal"),"Jessore","Jashore"),"Bogra","Bogura"),"Chapai Nawabganj","Chapainawabganj") -> Sunamganj-5 | C369: Shantiganj | D369: Sunamganj | E369: =_xlfn.XLOOKUP(C369,Population_data!B:B,Population_data!C:C,"") -> 289.54 | F369: =_xlfn.XLOOKUP(C369,Population_data!B:B,Population_data!D:D,"") -> 204983 | G369: =_xlfn.XLOOKUP(C369,Population_data!B:B,Population_data!E:E,"") -> 707.96 | H369: =_xlfn.XLOOKUP(C369,Population_data!B:B,Population_data!F:F,"") -> 5.23 | I369: =_xlfn.XLOOKUP(C369,Population_data!B:B,Population_data!G:G,"") -> 65.17 | J369: =_xlfn.XLOOKUP(D369,District_Crime_Unit_Map!A:A,District_Crime_Unit_Map!B:B,"") -> Sylhet Range | K369: =_xlfn.XLOOKUP(J369,Crime_Data!A:A,Crime_Data!V:V,"") -> 74.251724 | L369: =_xlfn.XLOOKUP(J369,Crime_Data!A:A,Crime_Data!W:W,"") -> 9.6171123 | M369: =TRIM(Table6[[#This Row],[District]])&"|"&TRIM(Table6[[#This Row],[Upazila]]) -> Sunamganj|Shantiganj | N369: =_xlfn.XLOOKUP(B369,Remittance_Data!A:A,Remittance_Data!B:B,"CHECK") -> CHECK | O369: =_xlfn.XLOOKUP(B369,Remittance_Data!A:A,Remittance_Data!C:C,"CHECK") -> CHECK | P369: =_xlfn.XLOOKUP(B369,Remittance_Data!A:A,Remittance_Data!D:D,"CHECK") -> CHECK
A370: Sylhet-1 | B370: =SUBSTITUTE(SUBSTITUTE(SUBSTITUTE(SUBSTITUTE(TRIM(Table6[[#This Row],[Constituency]]),"Barisal","Barishal"),"Jessore","Jashore"),"Bogra","Bogura"),"Chapai Nawabganj","Chapainawabganj") -> Sylhet-1 | C370: Sylhet City Corporation | D370: Sylhet | E370: 79.5 | F370: 532839 | G370: 6702 | H370: 4.53 | I370: 84.57 | J370: =_xlfn.XLOOKUP(D370,District_Crime_Unit_Map!A:A,District_Crime_Unit_Map!B:B,"") -> Sylhet Range | K370: =_xlfn.XLOOKUP(J370,Crime_Data!A:A,Crime_Data!V:V,"") -> 74.251724 | L370: =_xlfn.XLOOKUP(J370,Crime_Data!A:A,Crime_Data!W:W,"") -> 9.6171123 | M370: =TRIM(Table6[[#This Row],[District]])&"|"&TRIM(Table6[[#This Row],[Upazila]]) -> Sylhet|Sylhet City Corporation | N370: =_xlfn.XLOOKUP(B370,Remittance_Data!A:A,Remittance_Data!B:B,"CHECK") -> CHECK | O370: =_xlfn.XLOOKUP(B370,Remittance_Data!A:A,Remittance_Data!C:C,"CHECK") -> CHECK | P370: =_xlfn.XLOOKUP(B370,Remittance_Data!A:A,Remittance_Data!D:D,"CHECK") -> CHECK
A371: Sylhet-2 | B371: =SUBSTITUTE(SUBSTITUTE(SUBSTITUTE(SUBSTITUTE(TRIM(Table6[[#This Row],[Constituency]]),"Barisal","Barishal"),"Jessore","Jashore"),"Bogra","Bogura"),"Chapai Nawabganj","Chapainawabganj") -> Sylhet-2 | C371: Balaganj | D371: Sylhet | E371: =_xlfn.XLOOKUP(C371,Population_data!B:B,Population_data!C:C,"") -> 280.76 | F371: =_xlfn.XLOOKUP(C371,Population_data!B:B,Population_data!D:D,"") -> 123352 | G371: =_xlfn.XLOOKUP(C371,Population_data!B:B,Population_data!E:E,"") -> 439.35 | H371: =_xlfn.XLOOKUP(C371,Population_data!B:B,Population_data!F:F,"") -> 5.32 | I371: =_xlfn.XLOOKUP(C371,Population_data!B:B,Population_data!G:G,"") -> 76.63 | J371: =_xlfn.XLOOKUP(D371,District_Crime_Unit_Map!A:A,District_Crime_Unit_Map!B:B,"") -> Sylhet Range | K371: =_xlfn.XLOOKUP(J371,Crime_Data!A:A,Crime_Data!V:V,"") -> 74.251724 | L371: =_xlfn.XLOOKUP(J371,Crime_Data!A:A,Crime_Data!W:W,"") -> 9.6171123 | M371: =TRIM(Table6[[#This Row],[District]])&"|"&TRIM(Table6[[#This Row],[Upazila]]) -> Sylhet|Balaganj | N371: =_xlfn.XLOOKUP(B371,Remittance_Data!A:A,Remittance_Data!B:B,"CHECK") -> CHECK | O371: =_xlfn.XLOOKUP(B371,Remittance_Data!A:A,Remittance_Data!C:C,"CHECK") -> CHECK | P371: =_xlfn.XLOOKUP(B371,Remittance_Data!A:A,Remittance_Data!D:D,"CHECK") -> CHECK
A372: Sylhet-2 | B372: =SUBSTITUTE(SUBSTITUTE(SUBSTITUTE(SUBSTITUTE(TRIM(Table6[[#This Row],[Constituency]]),"Barisal","Barishal"),"Jessore","Jashore"),"Bogra","Bogura"),"Chapai Nawabganj","Chapainawabganj") -> Sylhet-2 | C372: Osmaninagar | D372: Sylhet | E372: =_xlfn.XLOOKUP(C372,Population_data!B:B,Population_data!C:C,"") -> 286.44 | F372: =_xlfn.XLOOKUP(C372,Population_data!B:B,Population_data!D:D,"") -> 216406 | G372: =_xlfn.XLOOKUP(C372,Population_data!B:B,Population_data!E:E,"") -> 755.5 | H372: =_xlfn.XLOOKUP(C372,Population_data!B:B,Population_data!F:F,"") -> 5.28 | I372: =_xlfn.XLOOKUP(C372,Population_data!B:B,Population_data!G:G,"") -> 76.74 | J372: =_xlfn.XLOOKUP(D372,District_Crime_Unit_Map!A:A,District_Crime_Unit_Map!B:B,"") -> Sylhet Range | K372: =_xlfn.XLOOKUP(J372,Crime_Data!A:A,Crime_Data!V:V,"") -> 74.251724 | L372: =_xlfn.XLOOKUP(J372,Crime_Data!A:A,Crime_Data!W:W,"") -> 9.6171123 | M372: =TRIM(Table6[[#This Row],[District]])&"|"&TRIM(Table6[[#This Row],[Upazila]]) -> Sylhet|Osmaninagar | N372: =_xlfn.XLOOKUP(B372,Remittance_Data!A:A,Remittance_Data!B:B,"CHECK") -> CHECK | O372: =_xlfn.XLOOKUP(B372,Remittance_Data!A:A,Remittance_Data!C:C,"CHECK") -> CHECK | P372: =_xlfn.XLOOKUP(B372,Remittance_Data!A:A,Remittance_Data!D:D,"CHECK") -> CHECK
A373: Sylhet-3 | B373: =SUBSTITUTE(SUBSTITUTE(SUBSTITUTE(SUBSTITUTE(TRIM(Table6[[#This Row],[Constituency]]),"Barisal","Barishal"),"Jessore","Jashore"),"Bogra","Bogura"),"Chapai Nawabganj","Chapainawabganj") -> Sylhet-3 | C373: Sylhet Sadar | D373: Sylhet | E373: =_xlfn.XLOOKUP(C373,Population_data!B:B,Population_data!C:C,"") -> 323.17 | F373: =_xlfn.XLOOKUP(C373,Population_data!B:B,Population_data!D:D,"") -> 444912 | G373: =_xlfn.XLOOKUP(C373,Population_data!B:B,Population_data!E:E,"") -> 1376.71 | H373: =_xlfn.XLOOKUP(C373,Population_data!B:B,Population_data!F:F,"") -> 5.05 | I373: =_xlfn.XLOOKUP(C373,Population_data!B:B,Population_data!G:G,"") -> 77.63 | J373: =_xlfn.XLOOKUP(D373,District_Crime_Unit_Map!A:A,District_Crime_Unit_Map!B:B,"") -> Sylhet Range | K373: =_xlfn.XLOOKUP(J373,Crime_Data!A:A,Crime_Data!V:V,"") -> 74.251724 | L373: =_xlfn.XLOOKUP(J373,Crime_Data!A:A,Crime_Data!W:W,"") -> 9.6171123 | M373: =TRIM(Table6[[#This Row],[District]])&"|"&TRIM(Table6[[#This Row],[Upazila]]) -> Sylhet|Sylhet Sadar | N373: =_xlfn.XLOOKUP(B373,Remittance_Data!A:A,Remittance_Data!B:B,"CHECK") -> CHECK | O373: =_xlfn.XLOOKUP(B373,Remittance_Data!A:A,Remittance_Data!C:C,"CHECK") -> CHECK | P373: =_xlfn.XLOOKUP(B373,Remittance_Data!A:A,Remittance_Data!D:D,"CHECK") -> CHECK
A374: Sylhet-3 | B374: =SUBSTITUTE(SUBSTITUTE(SUBSTITUTE(SUBSTITUTE(TRIM(Table6[[#This Row],[Constituency]]),"Barisal","Barishal"),"Jessore","Jashore"),"Bogra","Bogura"),"Chapai Nawabganj","Chapainawabganj") -> Sylhet-3 | C374: Fenchuganj | D374: Sylhet | E374: =_xlfn.XLOOKUP(C374,Population_data!B:B,Population_data!C:C,"") -> 154.13 | F374: =_xlfn.XLOOKUP(C374,Population_data!B:B,Population_data!D:D,"") -> 114286 | G374: =_xlfn.XLOOKUP(C374,Population_data!B:B,Population_data!E:E,"") -> 741.49 | H374: =_xlfn.XLOOKUP(C374,Population_data!B:B,Population_data!F:F,"") -> 5.09 | I374: =_xlfn.XLOOKUP(C374,Population_data!B:B,Population_data!G:G,"") -> 80.18 | J374: =_xlfn.XLOOKUP(D374,District_Crime_Unit_Map!A:A,District_Crime_Unit_Map!B:B,"") -> Sylhet Range | K374: =_xlfn.XLOOKUP(J374,Crime_Data!A:A,Crime_Data!V:V,"") -> 74.251724 | L374: =_xlfn.XLOOKUP(J374,Crime_Data!A:A,Crime_Data!W:W,"") -> 9.6171123 | M374: =TRIM(Table6[[#This Row],[District]])&"|"&TRIM(Table6[[#This Row],[Upazila]]) -> Sylhet|Fenchuganj | N374: =_xlfn.XLOOKUP(B374,Remittance_Data!A:A,Remittance_Data!B:B,"CHECK") -> CHECK | O374: =_xlfn.XLOOKUP(B374,Remittance_Data!A:A,Remittance_Data!C:C,"CHECK") -> CHECK | P374: =_xlfn.XLOOKUP(B374,Remittance_Data!A:A,Remittance_Data!D:D,"CHECK") -> CHECK
A375: Sylhet-4 | B375: =SUBSTITUTE(SUBSTITUTE(SUBSTITUTE(SUBSTITUTE(TRIM(Table6[[#This Row],[Constituency]]),"Barisal","Barishal"),"Jessore","Jashore"),"Bogra","Bogura"),"Chapai Nawabganj","Chapainawabganj") -> Sylhet-4 | C375: Gowainghat | D375: Sylhet | E375: =_xlfn.XLOOKUP(C375,Population_data!B:B,Population_data!C:C,"") -> 297.54 | F375: =_xlfn.XLOOKUP(C375,Population_data!B:B,Population_data!D:D,"") -> 355969 | G375: =_xlfn.XLOOKUP(C375,Population_data!B:B,Population_data!E:E,"") -> 1196.37 | H375: =_xlfn.XLOOKUP(C375,Population_data!B:B,Population_data!F:F,"") -> 5.38 | I375: =_xlfn.XLOOKUP(C375,Population_data!B:B,Population_data!G:G,"") -> 65.9 | J375: =_xlfn.XLOOKUP(D375,District_Crime_Unit_Map!A:A,District_Crime_Unit_Map!B:B,"") -> Sylhet Range | K375: =_xlfn.XLOOKUP(J375,Crime_Data!A:A,Crime_Data!V:V,"") -> 74.251724 | L375: =_xlfn.XLOOKUP(J375,Crime_Data!A:A,Crime_Data!W:W,"") -> 9.6171123 | M375: =TRIM(Table6[[#This Row],[District]])&"|"&TRIM(Table6[[#This Row],[Upazila]]) -> Sylhet|Gowainghat | N375: =_xlfn.XLOOKUP(B375,Remittance_Data!A:A,Remittance_Data!B:B,"CHECK") -> CHECK | O375: =_xlfn.XLOOKUP(B375,Remittance_Data!A:A,Remittance_Data!C:C,"CHECK") -> CHECK | P375: =_xlfn.XLOOKUP(B375,Remittance_Data!A:A,Remittance_Data!D:D,"CHECK") -> CHECK
A376: Sylhet-4 | B376: =SUBSTITUTE(SUBSTITUTE(SUBSTITUTE(SUBSTITUTE(TRIM(Table6[[#This Row],[Constituency]]),"Barisal","Barishal"),"Jessore","Jashore"),"Bogra","Bogura"),"Chapai Nawabganj","Chapainawabganj") -> Sylhet-4 | C376: Jaintapur | D376: Sylhet | E376: =_xlfn.XLOOKUP(C376,Population_data!B:B,Population_data!C:C,"") -> 368.27 | F376: =_xlfn.XLOOKUP(C376,Population_data!B:B,Population_data!D:D,"") -> 200128 | G376: =_xlfn.XLOOKUP(C376,Population_data!B:B,Population_data!E:E,"") -> 543.43 | H376: =_xlfn.XLOOKUP(C376,Population_data!B:B,Population_data!F:F,"") -> 5.35 | I376: =_xlfn.XLOOKUP(C376,Population_data!B:B,Population_data!G:G,"") -> 71.61 | J376: =_xlfn.XLOOKUP(D376,District_Crime_Unit_Map!A:A,District_Crime_Unit_Map!B:B,"") -> Sylhet Range | K376: =_xlfn.XLOOKUP(J376,Crime_Data!A:A,Crime_Data!V:V,"") -> 74.251724 | L376: =_xlfn.XLOOKUP(J376,Crime_Data!A:A,Crime_Data!W:W,"") -> 9.6171123 | M376: =TRIM(Table6[[#This Row],[District]])&"|"&TRIM(Table6[[#This Row],[Upazila]]) -> Sylhet|Jaintapur | N376: =_xlfn.XLOOKUP(B376,Remittance_Data!A:A,Remittance_Data!B:B,"CHECK") -> CHECK | O376: =_xlfn.XLOOKUP(B376,Remittance_Data!A:A,Remittance_Data!C:C,"CHECK") -> CHECK | P376: =_xlfn.XLOOKUP(B376,Remittance_Data!A:A,Remittance_Data!D:D,"CHECK") -> CHECK
A377: Sylhet-4 | B377: =SUBSTITUTE(SUBSTITUTE(SUBSTITUTE(SUBSTITUTE(TRIM(Table6[[#This Row],[Constituency]]),"Barisal","Barishal"),"Jessore","Jashore"),"Bogra","Bogura"),"Chapai Nawabganj","Chapainawabganj") -> Sylhet-4 | C377: Companiganj | D377: Sylhet | E377: =_xlfn.XLOOKUP(C377,Population_data!B:B,Population_data!C:C,"") -> 1510.95 | F377: =_xlfn.XLOOKUP(C377,Population_data!B:B,Population_data!D:D,"") -> 301295 | G377: =_xlfn.XLOOKUP(C377,Population_data!B:B,Population_data!E:E,"") -> 199.41 | H377: =_xlfn.XLOOKUP(C377,Population_data!B:B,Population_data!F:F,"") -> 4.58 | I377: =_xlfn.XLOOKUP(C377,Population_data!B:B,Population_data!G:G,"") -> 75.59 | J377: =_xlfn.XLOOKUP(D377,District_Crime_Unit_Map!A:A,District_Crime_Unit_Map!B:B,"") -> Sylhet Range | K377: =_xlfn.XLOOKUP(J377,Crime_Data!A:A,Crime_Data!V:V,"") -> 74.251724 | L377: =_xlfn.XLOOKUP(J377,Crime_Data!A:A,Crime_Data!W:W,"") -> 9.6171123 | M377: =TRIM(Table6[[#This Row],[District]])&"|"&TRIM(Table6[[#This Row],[Upazila]]) -> Sylhet|Companiganj | N377: =_xlfn.XLOOKUP(B377,Remittance_Data!A:A,Remittance_Data!B:B,"CHECK") -> CHECK | O377: =_xlfn.XLOOKUP(B377,Remittance_Data!A:A,Remittance_Data!C:C,"CHECK") -> CHECK | P377: =_xlfn.XLOOKUP(B377,Remittance_Data!A:A,Remittance_Data!D:D,"CHECK") -> CHECK
A378: Sylhet-5 | B378: =SUBSTITUTE(SUBSTITUTE(SUBSTITUTE(SUBSTITUTE(TRIM(Table6[[#This Row],[Constituency]]),"Barisal","Barishal"),"Jessore","Jashore"),"Bogra","Bogura"),"Chapai Nawabganj","Chapainawabganj") -> Sylhet-5 | C378: Kanaighat | D378: Sylhet | E378: =_xlfn.XLOOKUP(C378,Population_data!B:B,Population_data!C:C,"") -> 203.07 | F378: =_xlfn.XLOOKUP(C378,Population_data!B:B,Population_data!D:D,"") -> 317574 | G378: =_xlfn.XLOOKUP(C378,Population_data!B:B,Population_data!E:E,"") -> 1563.86 | H378: =_xlfn.XLOOKUP(C378,Population_data!B:B,Population_data!F:F,"") -> 5.15 | I378: =_xlfn.XLOOKUP(C378,Population_data!B:B,Population_data!G:G,"") -> 71.56 | J378: =_xlfn.XLOOKUP(D378,District_Crime_Unit_Map!A:A,District_Crime_Unit_Map!B:B,"") -> Sylhet Range | K378: =_xlfn.XLOOKUP(J378,Crime_Data!A:A,Crime_Data!V:V,"") -> 74.251724 | L378: =_xlfn.XLOOKUP(J378,Crime_Data!A:A,Crime_Data!W:W,"") -> 9.6171123 | M378: =TRIM(Table6[[#This Row],[District]])&"|"&TRIM(Table6[[#This Row],[Upazila]]) -> Sylhet|Kanaighat | N378: =_xlfn.XLOOKUP(B378,Remittance_Data!A:A,Remittance_Data!B:B,"CHECK") -> CHECK | O378: =_xlfn.XLOOKUP(B378,Remittance_Data!A:A,Remittance_Data!C:C,"CHECK") -> CHECK | P378: =_xlfn.XLOOKUP(B378,Remittance_Data!A:A,Remittance_Data!D:D,"CHECK") -> CHECK
A379: Sylhet-5 | B379: =SUBSTITUTE(SUBSTITUTE(SUBSTITUTE(SUBSTITUTE(TRIM(Table6[[#This Row],[Constituency]]),"Barisal","Barishal"),"Jessore","Jashore"),"Bogra","Bogura"),"Chapai Nawabganj","Chapainawabganj") -> Sylhet-5 | C379: Zakiganj | D379: Sylhet | E379: =_xlfn.XLOOKUP(C379,Population_data!B:B,Population_data!C:C,"") -> 517.81 | F379: =_xlfn.XLOOKUP(C379,Population_data!B:B,Population_data!D:D,"") -> 267309 | G379: =_xlfn.XLOOKUP(C379,Population_data!B:B,Population_data!E:E,"") -> 516.23 | H379: =_xlfn.XLOOKUP(C379,Population_data!B:B,Population_data!F:F,"") -> 5.28 | I379: =_xlfn.XLOOKUP(C379,Population_data!B:B,Population_data!G:G,"") -> 76.25 | J379: =_xlfn.XLOOKUP(D379,District_Crime_Unit_Map!A:A,District_Crime_Unit_Map!B:B,"") -> Sylhet Range | K379: =_xlfn.XLOOKUP(J379,Crime_Data!A:A,Crime_Data!V:V,"") -> 74.251724 | L379: =_xlfn.XLOOKUP(J379,Crime_Data!A:A,Crime_Data!W:W,"") -> 9.6171123 | M379: =TRIM(Table6[[#This Row],[District]])&"|"&TRIM(Table6[[#This Row],[Upazila]]) -> Sylhet|Zakiganj | N379: =_xlfn.XLOOKUP(B379,Remittance_Data!A:A,Remittance_Data!B:B,"CHECK") -> CHECK | O379: =_xlfn.XLOOKUP(B379,Remittance_Data!A:A,Remittance_Data!C:C,"CHECK") -> CHECK | P379: =_xlfn.XLOOKUP(B379,Remittance_Data!A:A,Remittance_Data!D:D,"CHECK") -> CHECK
A380: Sylhet-6 | B380: =SUBSTITUTE(SUBSTITUTE(SUBSTITUTE(SUBSTITUTE(TRIM(Table6[[#This Row],[Constituency]]),"Barisal","Barishal"),"Jessore","Jashore"),"Bogra","Bogura"),"Chapai Nawabganj","Chapainawabganj") -> Sylhet-6 | C380: Beanibazar | D380: Sylhet | E380: =_xlfn.XLOOKUP(C380,Population_data!B:B,Population_data!C:C,"") -> 253.22 | F380: =_xlfn.XLOOKUP(C380,Population_data!B:B,Population_data!D:D,"") -> 260597 | G380: =_xlfn.XLOOKUP(C380,Population_data!B:B,Population_data!E:E,"") -> 1029.13 | H380: =_xlfn.XLOOKUP(C380,Population_data!B:B,Population_data!F:F,"") -> 5.17 | I380: =_xlfn.XLOOKUP(C380,Population_data!B:B,Population_data!G:G,"") -> 80.58 | J380: =_xlfn.XLOOKUP(D380,District_Crime_Unit_Map!A:A,District_Crime_Unit_Map!B:B,"") -> Sylhet Range | K380: =_xlfn.XLOOKUP(J380,Crime_Data!A:A,Crime_Data!V:V,"") -> 74.251724 | L380: =_xlfn.XLOOKUP(J380,Crime_Data!A:A,Crime_Data!W:W,"") -> 9.6171123 | M380: =TRIM(Table6[[#This Row],[District]])&"|"&TRIM(Table6[[#This Row],[Upazila]]) -> Sylhet|Beanibazar | N380: =_xlfn.XLOOKUP(B380,Remittance_Data!A:A,Remittance_Data!B:B,"CHECK") -> CHECK | O380: =_xlfn.XLOOKUP(B380,Remittance_Data!A:A,Remittance_Data!C:C,"CHECK") -> CHECK | P380: =_xlfn.XLOOKUP(B380,Remittance_Data!A:A,Remittance_Data!D:D,"CHECK") -> CHECK
A381: Moulvibazar-1 | B381: =SUBSTITUTE(SUBSTITUTE(SUBSTITUTE(SUBSTITUTE(TRIM(Table6[[#This Row],[Constituency]]),"Barisal","Barishal"),"Jessore","Jashore"),"Bogra","Bogura"),"Chapai Nawabganj","Chapainawabganj") -> Moulvibazar-1 | C381: Baralekha | D381: Moulvibazar | E381: =_xlfn.XLOOKUP(C381,Population_data!B:B,Population_data!C:C,"") -> 315.58 | F381: =_xlfn.XLOOKUP(C381,Population_data!B:B,Population_data!D:D,"") -> 282449 | G381: =_xlfn.XLOOKUP(C381,Population_data!B:B,Population_data!E:E,"") -> 895.02 | H381: =_xlfn.XLOOKUP(C381,Population_data!B:B,Population_data!F:F,"") -> 5.1 | I381: =_xlfn.XLOOKUP(C381,Population_data!B:B,Population_data!G:G,"") -> 78.87 | J381: =_xlfn.XLOOKUP(D381,District_Crime_Unit_Map!A:A,District_Crime_Unit_Map!B:B,"") -> Sylhet Range | K381: =_xlfn.XLOOKUP(J381,Crime_Data!A:A,Crime_Data!V:V,"") -> 74.251724 | L381: =_xlfn.XLOOKUP(J381,Crime_Data!A:A,Crime_Data!W:W,"") -> 9.6171123 | M381: =TRIM(Table6[[#This Row],[District]])&"|"&TRIM(Table6[[#This Row],[Upazila]]) -> Moulvibazar|Baralekha | N381: =_xlfn.XLOOKUP(B381,Remittance_Data!A:A,Remittance_Data!B:B,"CHECK") -> CHECK | O381: =_xlfn.XLOOKUP(B381,Remittance_Data!A:A,Remittance_Data!C:C,"CHECK") -> CHECK | P381: =_xlfn.XLOOKUP(B381,Remittance_Data!A:A,Remittance_Data!D:D,"CHECK") -> CHECK
A382: Moulvibazar-1 | B382: =SUBSTITUTE(SUBSTITUTE(SUBSTITUTE(SUBSTITUTE(TRIM(Table6[[#This Row],[Constituency]]),"Barisal","Barishal"),"Jessore","Jashore"),"Bogra","Bogura"),"Chapai Nawabganj","Chapainawabganj") -> Moulvibazar-1 | C382: Juri | D382: Moulvibazar | E382: =_xlfn.XLOOKUP(C382,Population_data!B:B,Population_data!C:C,"") -> 151.22 | F382: =_xlfn.XLOOKUP(C382,Population_data!B:B,Population_data!D:D,"") -> 162560 | G382: =_xlfn.XLOOKUP(C382,Population_data!B:B,Population_data!E:E,"") -> 1074.99 | H382: =_xlfn.XLOOKUP(C382,Population_data!B:B,Population_data!F:F,"") -> 4.89 | I382: =_xlfn.XLOOKUP(C382,Population_data!B:B,Population_data!G:G,"") -> 75.56 | J382: =_xlfn.XLOOKUP(D382,District_Crime_Unit_Map!A:A,District_Crime_Unit_Map!B:B,"") -> Sylhet Range | K382: =_xlfn.XLOOKUP(J382,Crime_Data!A:A,Crime_Data!V:V,"") -> 74.251724 | L382: =_xlfn.XLOOKUP(J382,Crime_Data!A:A,Crime_Data!W:W,"") -> 9.6171123 | M382: =TRIM(Table6[[#This Row],[District]])&"|"&TRIM(Table6[[#This Row],[Upazila]]) -> Moulvibazar|Juri | N382: =_xlfn.XLOOKUP(B382,Remittance_Data!A:A,Remittance_Data!B:B,"CHECK") -> CHECK | O382: =_xlfn.XLOOKUP(B382,Remittance_Data!A:A,Remittance_Data!C:C,"CHECK") -> CHECK | P382: =_xlfn.XLOOKUP(B382,Remittance_Data!A:A,Remittance_Data!D:D,"CHECK") -> CHECK
... A454: Chittagong-8 | B454: =SUBSTITUTE(SUBSTITUTE(SUBSTITUTE(SUBSTITUTE(TRIM(Table6[[#This Row],[Constituency]]),"Barisal","Barishal"),"Jessore","Jashore"),"Bogra","Bogura"),"Chapai Nawabganj","Chapainawabganj") -> Chittagong-8 | C454: Chandanaish | D454: Chittagong | E454: =_xlfn.XLOOKUP(C454,Population_data!B:B,Population_data!C:C,"") -> 324.13 | F454: =_xlfn.XLOOKUP(C454,Population_data!B:B,Population_data!D:D,"") -> 252238 | G454: =_xlfn.XLOOKUP(C454,Population_data!B:B,Population_data!E:E,"") -> 778.2 | H454: =_xlfn.XLOOKUP(C454,Population_data!B:B,Population_data!F:F,"") -> 4.44 | I454: =_xlfn.XLOOKUP(C454,Population_data!B:B,Population_data!G:G,"") -> 79.69 | J454: =_xlfn.XLOOKUP(D454,District_Crime_Unit_Map!A:A,District_Crime_Unit_Map!B:B,"") -> Chittagong Range | K454: =_xlfn.XLOOKUP(J454,Crime_Data!A:A,Crime_Data!V:V,"") -> 84.879645 | L454: =_xlfn.XLOOKUP(J454,Crime_Data!A:A,Crime_Data!W:W,"") -> 10.309674 | M454: =TRIM(Table6[[#This Row],[District]])&"|"&TRIM(Table6[[#This Row],[Upazila]]) -> Chittagong|Chandanaish | N454: =_xlfn.XLOOKUP(B454,Remittance_Data!A:A,Remittance_Data!B:B,"CHECK") -> CHECK | O454: =_xlfn.XLOOKUP(B454,Remittance_Data!A:A,Remittance_Data!C:C,"CHECK") -> CHECK | P454: =_xlfn.XLOOKUP(B454,Remittance_Data!A:A,Remittance_Data!D:D,"CHECK") -> CHECK
A455: Chittagong-9 | B455: =SUBSTITUTE(SUBSTITUTE(SUBSTITUTE(SUBSTITUTE(TRIM(Table6[[#This Row],[Constituency]]),"Barisal","Barishal"),"Jessore","Jashore"),"Bogra","Bogura"),"Chapai Nawabganj","Chapainawabganj") -> Chittagong-9 | C455: Kotwali | D455: Chittagong | E455: 9.99 | F455: 207738 | G455: 20788 | H455: 4.06 | I455: 83.08 | J455: =_xlfn.XLOOKUP(D455,District_Crime_Unit_Map!A:A,District_Crime_Unit_Map!B:B,"") -> Chittagong Range | K455: =_xlfn.XLOOKUP(J455,Crime_Data!A:A,Crime_Data!V:V,"") -> 84.879645 | L455: =_xlfn.XLOOKUP(J455,Crime_Data!A:A,Crime_Data!W:W,"") -> 10.309674 | M455: =TRIM(Table6[[#This Row],[District]])&"|"&TRIM(Table6[[#This Row],[Upazila]]) -> Chittagong|Kotwali | N455: =_xlfn.XLOOKUP(B455,Remittance_Data!A:A,Remittance_Data!B:B,"CHECK") -> CHECK | O455: =_xlfn.XLOOKUP(B455,Remittance_Data!A:A,Remittance_Data!C:C,"CHECK") -> CHECK | P455: =_xlfn.XLOOKUP(B455,Remittance_Data!A:A,Remittance_Data!D:D,"CHECK") -> CHECK
A456: Chittagong-10 | B456: =SUBSTITUTE(SUBSTITUTE(SUBSTITUTE(SUBSTITUTE(TRIM(Table6[[#This Row],[Constituency]]),"Barisal","Barishal"),"Jessore","Jashore"),"Bogra","Bogura"),"Chapai Nawabganj","Chapainawabganj") -> Chittagong-10 | C456: Double Mooring | D456: Chittagong | E456: 11.99 | F456: 249327 | G456: 20788 | H456: 4.02 | I456: 84.57 | J456: =_xlfn.XLOOKUP(D456,District_Crime_Unit_Map!A:A,District_Crime_Unit_Map!B:B,"") -> Chittagong Range | K456: =_xlfn.XLOOKUP(J456,Crime_Data!A:A,Crime_Data!V:V,"") -> 84.879645 | L456: =_xlfn.XLOOKUP(J456,Crime_Data!A:A,Crime_Data!W:W,"") -> 10.309674 | M456: =TRIM(Table6[[#This Row],[District]])&"|"&TRIM(Table6[[#This Row],[Upazila]]) -> Chittagong|Double Mooring | N456: =_xlfn.XLOOKUP(B456,Remittance_Data!A:A,Remittance_Data!B:B,"CHECK") -> CHECK | O456: =_xlfn.XLOOKUP(B456,Remittance_Data!A:A,Remittance_Data!C:C,"CHECK") -> CHECK | P456: =_xlfn.XLOOKUP(B456,Remittance_Data!A:A,Remittance_Data!D:D,"CHECK") -> CHECK
A457: Chittagong-11 | B457: =SUBSTITUTE(SUBSTITUTE(SUBSTITUTE(SUBSTITUTE(TRIM(Table6[[#This Row],[Constituency]]),"Barisal","Barishal"),"Jessore","Jashore"),"Bogra","Bogura"),"Chapai Nawabganj","Chapainawabganj") -> Chittagong-11 | C457: Bandar | D457: Chittagong | E457: =_xlfn.XLOOKUP(C457,Population_data!B:B,Population_data!C:C,"") -> 55.84 | F457: =_xlfn.XLOOKUP(C457,Population_data!B:B,Population_data!D:D,"") -> 204768 | G457: =_xlfn.XLOOKUP(C457,Population_data!B:B,Population_data!E:E,"") -> 3667.05 | H457: =_xlfn.XLOOKUP(C457,Population_data!B:B,Population_data!F:F,"") -> 3.91 | I457: =_xlfn.XLOOKUP(C457,Population_data!B:B,Population_data!G:G,"") -> 78.5 | J457: =_xlfn.XLOOKUP(D457,District_Crime_Unit_Map!A:A,District_Crime_Unit_Map!B:B,"") -> Chittagong Range | K457: =_xlfn.XLOOKUP(J457,Crime_Data!A:A,Crime_Data!V:V,"") -> 84.879645 | L457: =_xlfn.XLOOKUP(J457,Crime_Data!A:A,Crime_Data!W:W,"") -> 10.309674 | M457: =TRIM(Table6[[#This Row],[District]])&"|"&TRIM(Table6[[#This Row],[Upazila]]) -> Chittagong|Bandar | N457: =_xlfn.XLOOKUP(B457,Remittance_Data!A:A,Remittance_Data!B:B,"CHECK") -> CHECK | O457: =_xlfn.XLOOKUP(B457,Remittance_Data!A:A,Remittance_Data!C:C,"CHECK") -> CHECK | P457: =_xlfn.XLOOKUP(B457,Remittance_Data!A:A,Remittance_Data!D:D,"CHECK") -> CHECK
A458: Chittagong-12 | B458: =SUBSTITUTE(SUBSTITUTE(SUBSTITUTE(SUBSTITUTE(TRIM(Table6[[#This Row],[Constituency]]),"Barisal","Barishal"),"Jessore","Jashore"),"Bogra","Bogura"),"Chapai Nawabganj","Chapainawabganj") -> Chittagong-12 | C458: Patiya | D458: Chittagong | E458: =_xlfn.XLOOKUP(C458,Population_data!B:B,Population_data!C:C,"") -> 203.92 | F458: =_xlfn.XLOOKUP(C458,Population_data!B:B,Population_data!D:D,"") -> 397672 | G458: =_xlfn.XLOOKUP(C458,Population_data!B:B,Population_data!E:E,"") -> 1950.14 | H458: =_xlfn.XLOOKUP(C458,Population_data!B:B,Population_data!F:F,"") -> 4.48 | I458: =_xlfn.XLOOKUP(C458,Population_data!B:B,Population_data!G:G,"") -> 81.1 | J458: =_xlfn.XLOOKUP(D458,District_Crime_Unit_Map!A:A,District_Crime_Unit_Map!B:B,"") -> Chittagong Range | K458: =_xlfn.XLOOKUP(J458,Crime_Data!A:A,Crime_Data!V:V,"") -> 84.879645 | L458: =_xlfn.XLOOKUP(J458,Crime_Data!A:A,Crime_Data!W:W,"") -> 10.309674 | M458: =TRIM(Table6[[#This Row],[District]])&"|"&TRIM(Table6[[#This Row],[Upazila]]) -> Chittagong|Patiya | N458: =_xlfn.XLOOKUP(B458,Remittance_Data!A:A,Remittance_Data!B:B,"CHECK") -> CHECK | O458: =_xlfn.XLOOKUP(B458,Remittance_Data!A:A,Remittance_Data!C:C,"CHECK") -> CHECK | P458: =_xlfn.XLOOKUP(B458,Remittance_Data!A:A,Remittance_Data!D:D,"CHECK") -> CHECK
A459: Chittagong-13 | B459: =SUBSTITUTE(SUBSTITUTE(SUBSTITUTE(SUBSTITUTE(TRIM(Table6[[#This Row],[Constituency]]),"Barisal","Barishal"),"Jessore","Jashore"),"Bogra","Bogura"),"Chapai Nawabganj","Chapainawabganj") -> Chittagong-13 | C459: Anwara | D459: Chittagong | E459: =_xlfn.XLOOKUP(C459,Population_data!B:B,Population_data!C:C,"") -> 164.13 | F459: =_xlfn.XLOOKUP(C459,Population_data!B:B,Population_data!D:D,"") -> 319482 | G459: =_xlfn.XLOOKUP(C459,Population_data!B:B,Population_data!E:E,"") -> 1946.52 | H459: =_xlfn.XLOOKUP(C459,Population_data!B:B,Population_data!F:F,"") -> 4.55 | I459: =_xlfn.XLOOKUP(C459,Population_data!B:B,Population_data!G:G,"") -> 75.9 | J459: =_xlfn.XLOOKUP(D459,District_Crime_Unit_Map!A:A,District_Crime_Unit_Map!B:B,"") -> Chittagong Range | K459: =_xlfn.XLOOKUP(J459,Crime_Data!A:A,Crime_Data!V:V,"") -> 84.879645 | L459: =_xlfn.XLOOKUP(J459,Crime_Data!A:A,Crime_Data!W:W,"") -> 10.309674 | M459: =TRIM(Table6[[#This Row],[District]])&"|"&TRIM(Table6[[#This Row],[Upazila]]) -> Chittagong|Anwara | N459: =_xlfn.XLOOKUP(B459,Remittance_Data!A:A,Remittance_Data!B:B,"CHECK") -> CHECK | O459: =_xlfn.XLOOKUP(B459,Remittance_Data!A:A,Remittance_Data!C:C,"CHECK") -> CHECK | P459: =_xlfn.XLOOKUP(B459,Remittance_Data!A:A,Remittance_Data!D:D,"CHECK") -> CHECK
A460: Chittagong-13 | B460: =SUBSTITUTE(SUBSTITUTE(SUBSTITUTE(SUBSTITUTE(TRIM(Table6[[#This Row],[Constituency]]),"Barisal","Barishal"),"Jessore","Jashore"),"Bogra","Bogura"),"Chapai Nawabganj","Chapainawabganj") -> Chittagong-13 | C460: Karnaphuli | D460: Chittagong | E460: =_xlfn.XLOOKUP(C460,Population_data!B:B,Population_data!C:C,"") -> 99.87 | F460: =_xlfn.XLOOKUP(C460,Population_data!B:B,Population_data!D:D,"") -> 203697 | G460: =_xlfn.XLOOKUP(C460,Population_data!B:B,Population_data!E:E,"") -> 2039.62 | H460: =_xlfn.XLOOKUP(C460,Population_data!B:B,Population_data!F:F,"") -> 4.62 | I460: =_xlfn.XLOOKUP(C460,Population_data!B:B,Population_data!G:G,"") -> 77.15 | J460: =_xlfn.XLOOKUP(D460,District_Crime_Unit_Map!A:A,District_Crime_Unit_Map!B:B,"") -> Chittagong Range | K460: =_xlfn.XLOOKUP(J460,Crime_Data!A:A,Crime_Data!V:V,"") -> 84.879645 | L460: =_xlfn.XLOOKUP(J460,Crime_Data!A:A,Crime_Data!W:W,"") -> 10.309674 | M460: =TRIM(Table6[[#This Row],[District]])&"|"&TRIM(Table6[[#This Row],[Upazila]]) -> Chittagong|Karnaphuli | N460: =_xlfn.XLOOKUP(B460,Remittance_Data!A:A,Remittance_Data!B:B,"CHECK") -> CHECK | O460: =_xlfn.XLOOKUP(B460,Remittance_Data!A:A,Remittance_Data!C:C,"CHECK") -> CHECK | P460: =_xlfn.XLOOKUP(B460,Remittance_Data!A:A,Remittance_Data!D:D,"CHECK") -> CHECK
A461: Chittagong-14 | B461: =SUBSTITUTE(SUBSTITUTE(SUBSTITUTE(SUBSTITUTE(TRIM(Table6[[#This Row],[Constituency]]),"Barisal","Barishal"),"Jessore","Jashore"),"Bogra","Bogura"),"Chapai Nawabganj","Chapainawabganj") -> Chittagong-14 | C461: Chandanaish | D461: Chittagong | E461: =_xlfn.XLOOKUP(C461,Population_data!B:B,Population_data!C:C,"") -> 324.13 | F461: =_xlfn.XLOOKUP(C461,Population_data!B:B,Population_data!D:D,"") -> 252238 | G461: =_xlfn.XLOOKUP(C461,Population_data!B:B,Population_data!E:E,"") -> 778.2 | H461: =_xlfn.XLOOKUP(C461,Population_data!B:B,Population_data!F:F,"") -> 4.44 | I461: =_xlfn.XLOOKUP(C461,Population_data!B:B,Population_data!G:G,"") -> 79.69 | J461: =_xlfn.XLOOKUP(D461,District_Crime_Unit_Map!A:A,District_Crime_Unit_Map!B:B,"") -> Chittagong Range | K461: =_xlfn.XLOOKUP(J461,Crime_Data!A:A,Crime_Data!V:V,"") -> 84.879645 | L461: =_xlfn.XLOOKUP(J461,Crime_Data!A:A,Crime_Data!W:W,"") -> 10.309674 | M461: =TRIM(Table6[[#This Row],[District]])&"|"&TRIM(Table6[[#This Row],[Upazila]]) -> Chittagong|Chandanaish | N461: =_xlfn.XLOOKUP(B461,Remittance_Data!A:A,Remittance_Data!B:B,"CHECK") -> CHECK | O461: =_xlfn.XLOOKUP(B461,Remittance_Data!A:A,Remittance_Data!C:C,"CHECK") -> CHECK | P461: =_xlfn.XLOOKUP(B461,Remittance_Data!A:A,Remittance_Data!D:D,"CHECK") -> CHECK
A462: Chittagong-14 | B462: =SUBSTITUTE(SUBSTITUTE(SUBSTITUTE(SUBSTITUTE(TRIM(Table6[[#This Row],[Constituency]]),"Barisal","Barishal"),"Jessore","Jashore"),"Bogra","Bogura"),"Chapai Nawabganj","Chapainawabganj") -> Chittagong-14 | C462: Satkania | D462: Chittagong | E462: =_xlfn.XLOOKUP(C462,Population_data!B:B,Population_data!C:C,"") -> 412.7 | F462: =_xlfn.XLOOKUP(C462,Population_data!B:B,Population_data!D:D,"") -> 454051 | G462: =_xlfn.XLOOKUP(C462,Population_data!B:B,Population_data!E:E,"") -> 1100.2 | H462: =_xlfn.XLOOKUP(C462,Population_data!B:B,Population_data!F:F,"") -> 4.43 | I462: =_xlfn.XLOOKUP(C462,Population_data!B:B,Population_data!G:G,"") -> 80.84 | J462: =_xlfn.XLOOKUP(D462,District_Crime_Unit_Map!A:A,District_Crime_Unit_Map!B:B,"") -> Chittagong Range | K462: =_xlfn.XLOOKUP(J462,Crime_Data!A:A,Crime_Data!V:V,"") -> 84.879645 | L462: =_xlfn.XLOOKUP(J462,Crime_Data!A:A,Crime_Data!W:W,"") -> 10.309674 | M462: =TRIM(Table6[[#This Row],[District]])&"|"&TRIM(Table6[[#This Row],[Upazila]]) -> Chittagong|Satkania | N462: =_xlfn.XLOOKUP(B462,Remittance_Data!A:A,Remittance_Data!B:B,"CHECK") -> CHECK | O462: =_xlfn.XLOOKUP(B462,Remittance_Data!A:A,Remittance_Data!C:C,"CHECK") -> CHECK | P462: =_xlfn.XLOOKUP(B462,Remittance_Data!A:A,Remittance_Data!D:D,"CHECK") -> CHECK
A463: Chittagong-15 | B463: =SUBSTITUTE(SUBSTITUTE(SUBSTITUTE(SUBSTITUTE(TRIM(Table6[[#This Row],[Constituency]]),"Barisal","Barishal"),"Jessore","Jashore"),"Bogra","Bogura"),"Chapai Nawabganj","Chapainawabganj") -> Chittagong-15 | C463: Lohagara | D463: Chittagong | E463: =_xlfn.XLOOKUP(C463,Population_data!B:B,Population_data!C:C,"") -> 258.87 | F463: =_xlfn.XLOOKUP(C463,Population_data!B:B,Population_data!D:D,"") -> 328206 | G463: =_xlfn.XLOOKUP(C463,Population_data!B:B,Population_data!E:E,"") -> 1267.84 | H463: =_xlfn.XLOOKUP(C463,Population_data!B:B,Population_data!F:F,"") -> 4.5 | I463: =_xlfn.XLOOKUP(C463,Population_data!B:B,Population_data!G:G,"") -> 82.41 | J463: =_xlfn.XLOOKUP(D463,District_Crime_Unit_Map!A:A,District_Crime_Unit_Map!B:B,"") -> Chittagong Range | K463: =_xlfn.XLOOKUP(J463,Crime_Data!A:A,Crime_Data!V:V,"") -> 84.879645 | L463: =_xlfn.XLOOKUP(J463,Crime_Data!A:A,Crime_Data!W:W,"") -> 10.309674 | M463: =TRIM(Table6[[#This Row],[District]])&"|"&TRIM(Table6[[#This Row],[Upazila]]) -> Chittagong|Lohagara | N463: =_xlfn.XLOOKUP(B463,Remittance_Data!A:A,Remittance_Data!B:B,"CHECK") -> CHECK | O463: =_xlfn.XLOOKUP(B463,Remittance_Data!A:A,Remittance_Data!C:C,"CHECK") -> CHECK | P463: =_xlfn.XLOOKUP(B463,Remittance_Data!A:A,Remittance_Data!D:D,"CHECK") -> CHECK
A464: Chittagong-16 | B464: =SUBSTITUTE(SUBSTITUTE(SUBSTITUTE(SUBSTITUTE(TRIM(Table6[[#This Row],[Constituency]]),"Barisal","Barishal"),"Jessore","Jashore"),"Bogra","Bogura"),"Chapai Nawabganj","Chapainawabganj") -> Chittagong-16 | C464: Banshkhali | D464: Chittagong | E464: =_xlfn.XLOOKUP(C464,Population_data!B:B,Population_data!C:C,"") -> 390.5 | F464: =_xlfn.XLOOKUP(C464,Population_data!B:B,Population_data!D:D,"") -> 537555 | G464: =_xlfn.XLOOKUP(C464,Population_data!B:B,Population_data!E:E,"") -> 1376.58 | H464: =_xlfn.XLOOKUP(C464,Population_data!B:B,Population_data!F:F,"") -> 4.75 | I464: =_xlfn.XLOOKUP(C464,Population_data!B:B,Population_data!G:G,"") -> 71.32 | J464: =_xlfn.XLOOKUP(D464,District_Crime_Unit_Map!A:A,District_Crime_Unit_Map!B:B,"") -> Chittagong Range | K464: =_xlfn.XLOOKUP(J464,Crime_Data!A:A,Crime_Data!V:V,"") -> 84.879645 | L464: =_xlfn.XLOOKUP(J464,Crime_Data!A:A,Crime_Data!W:W,"") -> 10.309674 | M464: =TRIM(Table6[[#This Row],[District]])&"|"&TRIM(Table6[[#This Row],[Upazila]]) -> Chittagong|Banshkhali | N464: =_xlfn.XLOOKUP(B464,Remittance_Data!A:A,Remittance_Data!B:B,"CHECK") -> CHECK | O464: =_xlfn.XLOOKUP(B464,Remittance_Data!A:A,Remittance_Data!C:C,"CHECK") -> CHECK | P464: =_xlfn.XLOOKUP(B464,Remittance_Data!A:A,Remittance_Data!D:D,"CHECK") -> CHECK
A465: Cox's Bazar-1 | B465: =SUBSTITUTE(SUBSTITUTE(SUBSTITUTE(SUBSTITUTE(TRIM(Table6[[#This Row],[Constituency]]),"Barisal","Barishal"),"Jessore","Jashore"),"Bogra","Bogura"),"Chapai Nawabganj","Chapainawabganj") -> Cox's Bazar-1 | C465: Chakaria | D465: Cox's Bazar | E465: =_xlfn.XLOOKUP(C465,Population_data!B:B,Population_data!C:C,"") -> 243.23 | F465: =_xlfn.XLOOKUP(C465,Population_data!B:B,Population_data!D:D,"") -> 571274 | G465: =_xlfn.XLOOKUP(C465,Population_data!B:B,Population_data!E:E,"") -> 2348.7 | H465: =_xlfn.XLOOKUP(C465,Population_data!B:B,Population_data!F:F,"") -> 4.79 | I465: =_xlfn.XLOOKUP(C465,Population_data!B:B,Population_data!G:G,"") -> 76.38 | J465: =_xlfn.XLOOKUP(D465,District_Crime_Unit_Map!A:A,District_Crime_Unit_Map!B:B,"") -> Chittagong Range | K465: =_xlfn.XLOOKUP(J465,Crime_Data!A:A,Crime_Data!V:V,"") -> 84.879645 | L465: =_xlfn.XLOOKUP(J465,Crime_Data!A:A,Crime_Data!W:W,"") -> 10.309674 | M465: =TRIM(Table6[[#This Row],[District]])&"|"&TRIM(Table6[[#This Row],[Upazila]]) -> Cox's Bazar|Chakaria | N465: =_xlfn.XLOOKUP(B465,Remittance_Data!A:A,Remittance_Data!B:B,"CHECK") -> CHECK | O465: =_xlfn.XLOOKUP(B465,Remittance_Data!A:A,Remittance_Data!C:C,"CHECK") -> CHECK | P465: =_xlfn.XLOOKUP(B465,Remittance_Data!A:A,Remittance_Data!D:D,"CHECK") -> CHECK
A466: Cox's Bazar-1 | B466: =SUBSTITUTE(SUBSTITUTE(SUBSTITUTE(SUBSTITUTE(TRIM(Table6[[#This Row],[Constituency]]),"Barisal","Barishal"),"Jessore","Jashore"),"Bogra","Bogura"),"Chapai Nawabganj","Chapainawabganj") -> Cox's Bazar-1 | C466: Pekua | D466: Cox's Bazar | E466: =_xlfn.XLOOKUP(C466,Population_data!B:B,Population_data!C:C,"") -> 179.14 | F466: =_xlfn.XLOOKUP(C466,Population_data!B:B,Population_data!D:D,"") -> 214349 | G466: =_xlfn.XLOOKUP(C466,Population_data!B:B,Population_data!E:E,"") -> 1196.54 | H466: =_xlfn.XLOOKUP(C466,Population_data!B:B,Population_data!F:F,"") -> 4.62 | I466: =_xlfn.XLOOKUP(C466,Population_data!B:B,Population_data!G:G,"") -> 70.62 | J466: =_xlfn.XLOOKUP(D466,District_Crime_Unit_Map!A:A,District_Crime_Unit_Map!B:B,"") -> Chittagong Range | K466: =_xlfn.XLOOKUP(J466,Crime_Data!A:A,Crime_Data!V:V,"") -> 84.879645 | L466: =_xlfn.XLOOKUP(J466,Crime_Data!A:A,Crime_Data!W:W,"") -> 10.309674 | M466: =TRIM(Table6[[#This Row],[District]])&"|"&TRIM(Table6[[#This Row],[Upazila]]) -> Cox's Bazar|Pekua | N466: =_xlfn.XLOOKUP(B466,Remittance_Data!A:A,Remittance_Data!B:B,"CHECK") -> CHECK | O466: =_xlfn.XLOOKUP(B466,Remittance_Data!A:A,Remittance_Data!C:C,"CHECK") -> CHECK | P466: =_xlfn.XLOOKUP(B466,Remittance_Data!A:A,Remittance_Data!D:D,"CHECK") -> CHECK
A467: Cox's Bazar-2 | B467: =SUBSTITUTE(SUBSTITUTE(SUBSTITUTE(SUBSTITUTE(TRIM(Table6[[#This Row],[Constituency]]),"Barisal","Barishal"),"Jessore","Jashore"),"Bogra","Bogura"),"Chapai Nawabganj","Chapainawabganj") -> Cox's Bazar-2 | C467: Maheshkhali | D467: Cox's Bazar | E467: =_xlfn.XLOOKUP(C467,Population_data!B:B,Population_data!C:C,"") -> 362.18 | F467: =_xlfn.XLOOKUP(C467,Population_data!B:B,Population_data!D:D,"") -> 385500 | G467: =_xlfn.XLOOKUP(C467,Population_data!B:B,Population_data!E:E,"") -> 1064.39 | H467: =_xlfn.XLOOKUP(C467,Population_data!B:B,Population_data!F:F,"") -> 4.76 | I467: =_xlfn.XLOOKUP(C467,Population_data!B:B,Population_data!G:G,"") -> 63.85 | J467: =_xlfn.XLOOKUP(D467,District_Crime_Unit_Map!A:A,District_Crime_Unit_Map!B:B,"") -> Chittagong Range | K467: =_xlfn.XLOOKUP(J467,Crime_Data!A:A,Crime_Data!V:V,"") -> 84.879645 | L467: =_xlfn.XLOOKUP(J467,Crime_Data!A:A,Crime_Data!W:W,"") -> 10.309674 | M467: =TRIM(Table6[[#This Row],[District]])&"|"&TRIM(Table6[[#This Row],[Upazila]]) -> Cox's Bazar|Maheshkhali | N467: =_xlfn.XLOOKUP(B467,Remittance_Data!A:A,Remittance_Data!B:B,"CHECK") -> CHECK | O467: =_xlfn.XLOOKUP(B467,Remittance_Data!A:A,Remittance_Data!C:C,"CHECK") -> CHECK | P467: =_xlfn.XLOOKUP(B467,Remittance_Data!A:A,Remittance_Data!D:D,"CHECK") -> CHECK
A468: Cox's Bazar-2 | B468: =SUBSTITUTE(SUBSTITUTE(SUBSTITUTE(SUBSTITUTE(TRIM(Table6[[#This Row],[Constituency]]),"Barisal","Barishal"),"Jessore","Jashore"),"Bogra","Bogura"),"Chapai Nawabganj","Chapainawabganj") -> Cox's Bazar-2 | C468: Kutubdia | D468: Cox's Bazar | E468: =_xlfn.XLOOKUP(C468,Population_data!B:B,Population_data!C:C,"") -> 215.8 | F468: =_xlfn.XLOOKUP(C468,Population_data!B:B,Population_data!D:D,"") -> 143619 | G468: =_xlfn.XLOOKUP(C468,Population_data!B:B,Population_data!E:E,"") -> 665.52 | H468: =_xlfn.XLOOKUP(C468,Population_data!B:B,Population_data!F:F,"") -> 5.03 | I468: =_xlfn.XLOOKUP(C468,Population_data!B:B,Population_data!G:G,"") -> 70.37 | J468: =_xlfn.XLOOKUP(D468,District_Crime_Unit_Map!A:A,District_Crime_Unit_Map!B:B,"") -> Chittagong Range | K468: =_xlfn.XLOOKUP(J468,Crime_Data!A:A,Crime_Data!V:V,"") -> 84.879645 | L468: =_xlfn.XLOOKUP(J468,Crime_Data!A:A,Crime_Data!W:W,"") -> 10.309674 | M468: =TRIM(Table6[[#This Row],[District]])&"|"&TRIM(Table6[[#This Row],[Upazila]]) -> Cox's Bazar|Kutubdia | N468: =_xlfn.XLOOKUP(B468,Remittance_Data!A:A,Remittance_Data!B:B,"CHECK") -> CHECK | O468: =_xlfn.XLOOKUP(B468,Remittance_Data!A:A,Remittance_Data!C:C,"CHECK") -> CHECK | P468: =_xlfn.XLOOKUP(B468,Remittance_Data!A:A,Remittance_Data!D:D,"CHECK") -> CHECK
... A495: Bandarban-1 | B495: =SUBSTITUTE(SUBSTITUTE(SUBSTITUTE(SUBSTITUTE(TRIM(Table6[[#This Row],[Constituency]]),"Barisal","Barishal"),"Jessore","Jashore"),"Bogra","Bogura"),"Chapai Nawabganj","Chapainawabganj") -> Bandarban-1 | C495: Ruma | D495: Bandarban | E495: =_xlfn.XLOOKUP(C495,Population_data!B:B,Population_data!C:C,"") -> 915 | F495: =_xlfn.XLOOKUP(C495,Population_data!B:B,Population_data!D:D,"") -> 32533 | G495: =_xlfn.XLOOKUP(C495,Population_data!B:B,Population_data!E:E,"") -> 35.56 | H495: =_xlfn.XLOOKUP(C495,Population_data!B:B,Population_data!F:F,"") -> 4.35 | I495: =_xlfn.XLOOKUP(C495,Population_data!B:B,Population_data!G:G,"") -> 50.26 | J495: =_xlfn.XLOOKUP(D495,District_Crime_Unit_Map!A:A,District_Crime_Unit_Map!B:B,"") -> Chittagong Range | K495: =_xlfn.XLOOKUP(J495,Crime_Data!A:A,Crime_Data!V:V,"") -> 84.879645 | L495: =_xlfn.XLOOKUP(J495,Crime_Data!A:A,Crime_Data!W:W,"") -> 10.309674 | M495: =TRIM(Table6[[#This Row],[District]])&"|"&TRIM(Table6[[#This Row],[Upazila]]) -> Bandarban|Ruma | N495: =_xlfn.XLOOKUP(B495,Remittance_Data!A:A,Remittance_Data!B:B,"CHECK") -> CHECK | O495: =_xlfn.XLOOKUP(B495,Remittance_Data!A:A,Remittance_Data!C:C,"CHECK") -> CHECK | P495: =_xlfn.XLOOKUP(B495,Remittance_Data!A:A,Remittance_Data!D:D,"CHECK") -> CHECK
A496: Sherpur-1 | B496: Sherpur-1 | C496: Sherpur Sadar | D496: Sherpur | E496: =_xlfn.XLOOKUP(C496,Population_data!B:B,Population_data!C:C,"") -> 366.52 | F496: =_xlfn.XLOOKUP(C496,Population_data!B:B,Population_data!D:D,"") -> 563817 | G496: =_xlfn.XLOOKUP(C496,Population_data!B:B,Population_data!E:E,"") -> 1538.3 | H496: =_xlfn.XLOOKUP(C496,Population_data!B:B,Population_data!F:F,"") -> 3.83 | I496: =_xlfn.XLOOKUP(C496,Population_data!B:B,Population_data!G:G,"") -> 63.89 | J496: =_xlfn.XLOOKUP(D496,District_Crime_Unit_Map!A:A,District_Crime_Unit_Map!B:B,"") -> Mymensingh Range | K496: =_xlfn.XLOOKUP(J496,Crime_Data!A:A,Crime_Data!V:V,"") -> 84.741264 | L496: =_xlfn.XLOOKUP(J496,Crime_Data!A:A,Crime_Data!W:W,"") -> 13.635491 | M496: =TRIM(Table6[[#This Row],[District]])&"|"&TRIM(Table6[[#This Row],[Upazila]]) -> Sherpur|Sherpur Sadar | N496: =_xlfn.XLOOKUP(B496,Remittance_Data!A:A,Remittance_Data!B:B,"CHECK") -> CHECK | O496: =_xlfn.XLOOKUP(B496,Remittance_Data!A:A,Remittance_Data!C:C,"CHECK") -> CHECK | P496: =_xlfn.XLOOKUP(B496,Remittance_Data!A:A,Remittance_Data!D:D,"CHECK") -> CHECK
...

Sheet Constituency_Level_Data
A1: Constituency | B1: Districts | C1: Upazilas | D1: Upazila_Count | E1: Area_sqkm | F1: Population | G1: Population_Density | H1: Household_Size | I1: Literacy_Rate | J1: Crime_Units | K1: Total_Crime_per_100k | L1: Violent_Crime_per_100k | M1: Election_Status | N1: Winner | O1: Winning_Party | P1: Winning_Party_Code | Q1: Winner_Votes | R1: Winner_Vote_Share | S1: Runner_Up | T1: Runner_Up_Votes | U1: Runner_Up_Vote_Share | V1: Margin_Votes | W1: Margin_Percentage | X1: Competitiveness | Y1: Metro | Z1: Use_For_Analysis
A2: {=_xlfn._xlws.SORT(_xlfn.UNIQUE(_xlfn._xlws.FILTER(Final_Merged_Data!$B$2:$B$1000,Final_Merged_Data!$B$2:$B$1000<>"")))} -> Bagerhat-1 | B2: {=_xlfn.TEXTJOIN(", ",TRUE,_xlfn.UNIQUE(_xlfn._xlws.FILTER(SUBSTITUTE(SUBSTITUTE(SUBSTITUTE(SUBSTITUTE(SUBSTITUTE(SUBSTITUTE(TRIM(Final_Merged_Data!$D$2:$D$1000),"Jessore","Jashore"),"Bogra","Bogura"),"Barisal","Barishal"),"Comilla","Comilla"),"Chittagong","Chittagong"),"Chapai Nawabganj","Chapainawabganj"),Final_Merged_Data!$B$2:$B$1000=$A2)))} -> Bagerhat | C2: {=_xlfn.TEXTJOIN(", ",TRUE,_xlfn._xlws.FILTER(Final_Merged_Data!$C$2:$C$1000,Final_Merged_Data!$B$2:$B$1000=$A2))} -> Fakirhat, Mollahat, Chitalmari | D2: {=COUNTA(_xlfn._xlws.FILTER(Final_Merged_Data!$C$2:$C$1000,Final_Merged_Data!$B$2:$B$1000=$A2))} -> 3 | E2: =SUMIFS(Final_Merged_Data!$E:$E,Final_Merged_Data!$B:$B,$A2) -> 813.53 | F2: =SUMIFS(Final_Merged_Data!$F:$F,Final_Merged_Data!$B:$B,$A2) -> 456659 | G2: =IF(E2=0,"",F2/E2) -> 561.33025 | H2: {=SUMPRODUCT((Final_Merged_Data!$B$2:$B$1000=$A2)*Final_Merged_Data!$H$2:$H$1000*Final_Merged_Data!$F$2:$F$1000)/F2} -> 4.0725841 | I2: {=SUMPRODUCT((Final_Merged_Data!$B$2:$B$1000=$A2)*Final_Merged_Data!$I$2:$I$1000*Final_Merged_Data!$F$2:$F$1000)/F2} -> 79.895851 | J2: {=_xlfn.TEXTJOIN(", ",TRUE,_xlfn.UNIQUE(_xlfn._xlws.FILTER(Final_Merged_Data!$J$2:$J$1000,Final_Merged_Data!$B$2:$B$1000=$A2)))} -> Khulna Range | K2: {=SUMPRODUCT((Final_Merged_Data!$B$2:$B$1000=$A2)*Final_Merged_Data!$K$2:$K$1000*Final_Merged_Data!$F$2:$F$1000)/F2} -> 102.32166 | L2: {=SUMPRODUCT((Final_Merged_Data!$B$2:$B$1000=$A2)*Final_Merged_Data!$L$2:$L$1000*Final_Merged_Data!$F$2:$F$1000)/F2} -> 12.212238 | M2: =IF(COUNTIF(Master_Data!$C:$C,$A2)>0,"Found","Missing") -> Found | N2: =_xlfn.XLOOKUP($A2,Master_Data!$C:$C,Master_Data!$D:$D,"CHECK",0) -> Md. Moshiur Rahman Khan | O2: =_xlfn.XLOOKUP($A2,Master_Data!$C:$C,Master_Data!$E:$E,"CHECK",0) -> Jamaat | P2: =_xlfn.XLOOKUP($A2,Master_Data!$C:$C,Master_Data!$F:$F,"CHECK",0) -> 2 | Q2: =_xlfn.XLOOKUP($A2,Master_Data!$C:$C,Master_Data!$G:$G,"CHECK",0) -> 117527 | R2: =IFERROR(_xlfn.XLOOKUP($A2,Master_Data!$C:$C,Master_Data!$H:$H,"CHECK",0),"") -> 50.690964 | S2: =_xlfn.XLOOKUP($A2,Master_Data!$C:$C,Master_Data!$I:$I,"CHECK",0) -> Kapil Krishna Mandal | T2: =_xlfn.XLOOKUP($A2,Master_Data!$C:$C,Master_Data!$K:$K,"CHECK",0) -> 114323 | U2: =IFERROR(_xlfn.XLOOKUP($A2,Master_Data!$C:$C,Master_Data!$L:$L,"CHECK",0),"") -> 49.309036 | V2: =_xlfn.XLOOKUP($A2,Master_Data!$C:$C,Master_Data!$M:$M,"CHECK",0) -> 3204 | W2: =IFERROR(_xlfn.XLOOKUP($A2,Master_Data!$C:$C,Master_Data!$N:$N,"CHECK",0),"") -> 1.381928 | X2: =IFERROR(_xlfn.XLOOKUP($A2,Master_Data!$C:$C,Master_Data!$O:$O,"CHECK",0),"No Result") -> Highly Competitive | Y2: =_xlfn.XLOOKUP($A2,Master_Data!$C:$C,Master_Data!$P:$P,"CHECK",0) -> 0 | Z2: =IF(OR(R2="",Y2="No Result",N2="Election postponed",N2="Result withheld"),0,1) -> 1
A3: Bagerhat-2 | B3: {=_xlfn.TEXTJOIN(", ",TRUE,_xlfn.UNIQUE(_xlfn._xlws.FILTER(SUBSTITUTE(SUBSTITUTE(SUBSTITUTE(SUBSTITUTE(SUBSTITUTE(SUBSTITUTE(TRIM(Final_Merged_Data!$D$2:$D$1000),"Jessore","Jashore"),"Bogra","Bogura"),"Barisal","Barishal"),"Comilla","Comilla"),"Chittagong","Chittagong"),"Chapai Nawabganj","Chapainawabganj"),Final_Merged_Data!$B$2:$B$1000=$A3)))} -> Bagerhat | C3: {=_xlfn.TEXTJOIN(", ",TRUE,_xlfn._xlws.FILTER(Final_Merged_Data!$C$2:$C$1000,Final_Merged_Data!$B$2:$B$1000=$A3))} -> Bagerhat Sadar, Kachua | D3: {=COUNTA(_xlfn._xlws.FILTER(Final_Merged_Data!$C$2:$C$1000,Final_Merged_Data!$B$2:$B$1000=$A3))} -> 2 | E3: =SUMIFS(Final_Merged_Data!$E:$E,Final_Merged_Data!$B:$B,$A3) -> 631 | F3: =SUMIFS(Final_Merged_Data!$F:$F,Final_Merged_Data!$B:$B,$A3) -> 694132 | G3: =IF(E3=0,"",F3/E3) -> 1100.0507 | H3: {=SUMPRODUCT((Final_Merged_Data!$B$2:$B$1000=$A3)*Final_Merged_Data!$H$2:$H$1000*Final_Merged_Data!$F$2:$F$1000)/F3} -> 4.0535643 | I3: {=SUMPRODUCT((Final_Merged_Data!$B$2:$B$1000=$A3)*Final_Merged_Data!$I$2:$I$1000*Final_Merged_Data!$F$2:$F$1000)/F3} -> 78.17208 | J3: {=_xlfn.TEXTJOIN(", ",TRUE,_xlfn.UNIQUE(_xlfn._xlws.FILTER(Final_Merged_Data!$J$2:$J$1000,Final_Merged_Data!$B$2:$B$1000=$A3)))} -> Khulna Range | K3: {=SUMPRODUCT((Final_Merged_Data!$B$2:$B$1000=$A3)*Final_Merged_Data!$K$2:$K$1000*Final_Merged_Data!$F$2:$F$1000)/F3} -> 102.32166 | L3: {=SUMPRODUCT((Final_Merged_Data!$B$2:$B$1000=$A3)*Final_Merged_Data!$L$2:$L$1000*Final_Merged_Data!$F$2:$F$1000)/F3} -> 12.212238 | M3: =IF(COUNTIF(Master_Data!$C:$C,$A3)>0,"Found","Missing") -> Found | N3: =_xlfn.XLOOKUP($A3,Master_Data!$C:$C,Master_Data!$D:$D,"CHECK",0) -> Sheikh Manjurul Haque Rahad | O3: =_xlfn.XLOOKUP($A3,Master_Data!$C:$C,Master_Data!$E:$E,"CHECK",0) -> Jamaat | P3: =_xlfn.XLOOKUP($A3,Master_Data!$C:$C,Master_Data!$F:$F,"CHECK",0) -> 2 | Q3: =_xlfn.XLOOKUP($A3,Master_Data!$C:$C,Master_Data!$G:$G,"CHECK",0) -> 117709 | R3: =IFERROR(_xlfn.XLOOKUP($A3,Master_Data!$C:$C,Master_Data!$H:$H,"CHECK",0),"") -> 63.931283 | S3: =_xlfn.XLOOKUP($A3,Master_Data!$C:$C,Master_Data!$I:$I,"CHECK",0) -> Sheikh Mohammad Zakir Hossain | T3: =_xlfn.XLOOKUP($A3,Master_Data!$C:$C,Master_Data!$K:$K,"CHECK",0) -> 66409 | U3: =IFERROR(_xlfn.XLOOKUP($A3,Master_Data!$C:$C,Master_Data!$L:$L,"CHECK",0),"") -> 36.068717 | V3: =_xlfn.XLOOKUP($A3,Master_Data!$C:$C,Master_Data!$M:$M,"CHECK",0) -> 51300 | W3: =IFERROR(_xlfn.XLOOKUP($A3,Master_Data!$C:$C,Master_Data!$N:$N,"CHECK",0),"") -> 27.862566 | X3: =IFERROR(_xlfn.XLOOKUP($A3,Master_Data!$C:$C,Master_Data!$O:$O,"CHECK",0),"No Result") -> Safe Seat | Y3: =_xlfn.XLOOKUP($A3,Master_Data!$C:$C,Master_Data!$P:$P,"CHECK",0) -> 0 | Z3: =IF(OR(R3="",Y3="No Result",N3="Election postponed",N3="Result withheld"),0,1) -> 1
A4: Bagerhat-3 | B4: {=_xlfn.TEXTJOIN(", ",TRUE,_xlfn.UNIQUE(_xlfn._xlws.FILTER(SUBSTITUTE(SUBSTITUTE(SUBSTITUTE(SUBSTITUTE(SUBSTITUTE(SUBSTITUTE(TRIM(Final_Merged_Data!$D$2:$D$1000),"Jessore","Jashore"),"Bogra","Bogura"),"Barisal","Barishal"),"Comilla","Comilla"),"Chittagong","Chittagong"),"Chapai Nawabganj","Chapainawabganj"),Final_Merged_Data!$B$2:$B$1000=$A4)))} -> Bagerhat | C4: {=_xlfn.TEXTJOIN(", ",TRUE,_xlfn._xlws.FILTER(Final_Merged_Data!$C$2:$C$1000,Final_Merged_Data!$B$2:$B$1000=$A4))} -> Rampal, Mongla | D4: {=COUNTA(_xlfn._xlws.FILTER(Final_Merged_Data!$C$2:$C$1000,Final_Merged_Data!$B$2:$B$1000=$A4))} -> 2 | E4: =SUMIFS(Final_Merged_Data!$E:$E,Final_Merged_Data!$B:$B,$A4) -> 1753.34 | F4: =SUMIFS(Final_Merged_Data!$F:$F,Final_Merged_Data!$B:$B,$A4) -> 334508 | G4: =IF(E4=0,"",F4/E4) -> 190.78331 | H4: {=SUMPRODUCT((Final_Merged_Data!$B$2:$B$1000=$A4)*Final_Merged_Data!$H$2:$H$1000*Final_Merged_Data!$F$2:$F$1000)/F4} -> 3.7921031 | I4: {=SUMPRODUCT((Final_Merged_Data!$B$2:$B$1000=$A4)*Final_Merged_Data!$I$2:$I$1000*Final_Merged_Data!$F$2:$F$1000)/F4} -> 81.073165 | J4: {=_xlfn.TEXTJOIN(", ",TRUE,_xlfn.UNIQUE(_xlfn._xlws.FILTER(Final_Merged_Data!$J$2:$J$1000,Final_Merged_Data!$B$2:$B$1000=$A4)))} -> Khulna Range | K4: {=SUMPRODUCT((Final_Merged_Data!$B$2:$B$1000=$A4)*Final_Merged_Data!$K$2:$K$1000*Final_Merged_Data!$F$2:$F$1000)/F4} -> 102.32166 | L4: {=SUMPRODUCT((Final_Merged_Data!$B$2:$B$1000=$A4)*Final_Merged_Data!$L$2:$L$1000*Final_Merged_Data!$F$2:$F$1000)/F4} -> 12.212238 | M4: =IF(COUNTIF(Master_Data!$C:$C,$A4)>0,"Found","Missing") -> Found | N4: =_xlfn.XLOOKUP($A4,Master_Data!$C:$C,Master_Data!$D:$D,"CHECK",0) -> Sheikh Faridul Islam | O4: =_xlfn.XLOOKUP($A4,Master_Data!$C:$C,Master_Data!$E:$E,"CHECK",0) -> BNP | P4: =_xlfn.XLOOKUP($A4,Master_Data!$C:$C,Master_Data!$F:$F,"CHECK",0) -> 1 | Q4: =_xlfn.XLOOKUP($A4,Master_Data!$C:$C,Master_Data!$G:$G,"CHECK",0) -> 102661 | R4: =IFERROR(_xlfn.XLOOKUP($A4,Master_Data!$C:$C,Master_Data!$H:$H,"CHECK",0),"") -> 55.131544 | S4: =_xlfn.XLOOKUP($A4,Master_Data!$C:$C,Master_Data!$I:$I,"CHECK",0) -> Mohammad Abdul Wadud Sheikh | T4: =_xlfn.XLOOKUP($A4,Master_Data!$C:$C,Master_Data!$K:$K,"CHECK",0) -> 83550 | U4: =IFERROR(_xlfn.XLOOKUP($A4,Master_Data!$C:$C,Master_Data!$L:$L,"CHECK",0),"") -> 44.868456 | V4: =_xlfn.XLOOKUP($A4,Master_Data!$C:$C,Master_Data!$M:$M,"CHECK",0) -> 19111 | W4: =IFERROR(_xlfn.XLOOKUP($A4,Master_Data!$C:$C,Master_Data!$N:$N,"CHECK",0),"") -> 10.263089 | X4: =IFERROR(_xlfn.XLOOKUP($A4,Master_Data!$C:$C,Master_Data!$O:$O,"CHECK",0),"No Result") -> Safe Seat | Y4: =_xlfn.XLOOKUP($A4,Master_Data!$C:$C,Master_Data!$P:$P,"CHECK",0) -> 0 | Z4: =IF(OR(R4="",Y4="No Result",N4="Election postponed",N4="Result withheld"),0,1) -> 1
A5: Bagerhat-4 | B5: {=_xlfn.TEXTJOIN(", ",TRUE,_xlfn.UNIQUE(_xlfn._xlws.FILTER(SUBSTITUTE(SUBSTITUTE(SUBSTITUTE(SUBSTITUTE(SUBSTITUTE(SUBSTITUTE(TRIM(Final_Merged_Data!$D$2:$D$1000),"Jessore","Jashore"),"Bogra","Bogura"),"Barisal","Barishal"),"Comilla","Comilla"),"Chittagong","Chittagong"),"Chapai Nawabganj","Chapainawabganj"),Final_Merged_Data!$B$2:$B$1000=$A5)))} -> Bagerhat | C5: {=_xlfn.TEXTJOIN(", ",TRUE,_xlfn._xlws.FILTER(Final_Merged_Data!$C$2:$C$1000,Final_Merged_Data!$B$2:$B$1000=$A5))} -> Morelganj, Sharankhola | D5: {=COUNTA(_xlfn._xlws.FILTER(Final_Merged_Data!$C$2:$C$1000,Final_Merged_Data!$B$2:$B$1000=$A5))} -> 2 | E5: =SUMIFS(Final_Merged_Data!$E:$E,Final_Merged_Data!$B:$B,$A5) -> 624.8 | F5: =SUMIFS(Final_Merged_Data!$F:$F,Final_Merged_Data!$B:$B,$A5) -> 425769 | G5: =IF(E5=0,"",F5/E5) -> 681.44846 | H5: {=SUMPRODUCT((Final_Merged_Data!$B$2:$B$1000=$A5)*Final_Merged_Data!$H$2:$H$1000*Final_Merged_Data!$F$2:$F$1000)/F5} -> 3.8012396 | I5: {=SUMPRODUCT((Final_Merged_Data!$B$2:$B$1000=$A5)*Final_Merged_Data!$I$2:$I$1000*Final_Merged_Data!$F$2:$F$1000)/F5} -> 82.420112 | J5: {=_xlfn.TEXTJOIN(", ",TRUE,_xlfn.UNIQUE(_xlfn._xlws.FILTER(Final_Merged_Data!$J$2:$J$1000,Final_Merged_Data!$B$2:$B$1000=$A5)))} -> Khulna Range | K5: {=SUMPRODUCT((Final_Merged_Data!$B$2:$B$1000=$A5)*Final_Merged_Data!$K$2:$K$1000*Final_Merged_Data!$F$2:$F$1000)/F5} -> 102.32166 | L5: {=SUMPRODUCT((Final_Merged_Data!$B$2:$B$1000=$A5)*Final_Merged_Data!$L$2:$L$1000*Final_Merged_Data!$F$2:$F$1000)/F5} -> 12.212238 | M5: =IF(COUNTIF(Master_Data!$C:$C,$A5)>0,"Found","Missing") -> Found | N5: =_xlfn.XLOOKUP($A5,Master_Data!$C:$C,Master_Data!$D:$D,"CHECK",0) -> Md. Abdul Alim | O5: =_xlfn.XLOOKUP($A5,Master_Data!$C:$C,Master_Data!$E:$E,"CHECK",0) -> Jamaat | P5: =_xlfn.XLOOKUP($A5,Master_Data!$C:$C,Master_Data!$F:$F,"CHECK",0) -> 2 | Q5: =_xlfn.XLOOKUP($A5,Master_Data!$C:$C,Master_Data!$G:$G,"CHECK",0) -> 116067 | R5: =IFERROR(_xlfn.XLOOKUP($A5,Master_Data!$C:$C,Master_Data!$H:$H,"CHECK",0),"") -> 54.137495 | S5: =_xlfn.XLOOKUP($A5,Master_Data!$C:$C,Master_Data!$I:$I,"CHECK",0) -> Somnath Dey | T5: =_xlfn.XLOOKUP($A5,Master_Data!$C:$C,Master_Data!$K:$K,"CHECK",0) -> 98326 | U5: =IFERROR(_xlfn.XLOOKUP($A5,Master_Data!$C:$C,Master_Data!$L:$L,"CHECK",0),"") -> 45.862505 | V5: =_xlfn.XLOOKUP($A5,Master_Data!$C:$C,Master_Data!$M:$M,"CHECK",0) -> 17741 | W5: =IFERROR(_xlfn.XLOOKUP($A5,Master_Data!$C:$C,Master_Data!$N:$N,"CHECK",0),"") -> 8.2749903 | X5: =IFERROR(_xlfn.XLOOKUP($A5,Master_Data!$C:$C,Master_Data!$O:$O,"CHECK",0),"No Result") -> Safe Seat | Y5: =_xlfn.XLOOKUP($A5,Master_Data!$C:$C,Master_Data!$P:$P,"CHECK",0) -> 0 | Z5: =IF(OR(R5="",Y5="No Result",N5="Election postponed",N5="Result withheld"),0,1) -> 1
A6: Bandarban-1 | B6: {=_xlfn.TEXTJOIN(", ",TRUE,_xlfn.UNIQUE(_xlfn._xlws.FILTER(SUBSTITUTE(SUBSTITUTE(SUBSTITUTE(SUBSTITUTE(SUBSTITUTE(SUBSTITUTE(TRIM(Final_Merged_Data!$D$2:$D$1000),"Jessore","Jashore"),"Bogra","Bogura"),"Barisal","Barishal"),"Comilla","Comilla"),"Chittagong","Chittagong"),"Chapai Nawabganj","Chapainawabganj"),Final_Merged_Data!$B$2:$B$1000=$A6)))} -> Bandarban | C6: {=_xlfn.TEXTJOIN(", ",TRUE,_xlfn._xlws.FILTER(Final_Merged_Data!$C$2:$C$1000,Final_Merged_Data!$B$2:$B$1000=$A6))} -> Bandarban Sadar, Thanchi, Lama, Naikhongchhari, Ali Kadam, Rowangchhari, Ruma | D6: {=COUNTA(_xlfn._xlws.FILTER(Final_Merged_Data!$C$2:$C$1000,Final_Merged_Data!$B$2:$B$1000=$A6))} -> 7 | E6: =SUMIFS(Final_Merged_Data!$E:$E,Final_Merged_Data!$B:$B,$A6) -> 4304.43 | F6: =SUMIFS(Final_Merged_Data!$F:$F,Final_Merged_Data!$B:$B,$A6) -> 481093 | G6: =IF(E6=0,"",F6/E6) -> 111.76695 | H6: {=SUMPRODUCT((Final_Merged_Data!$B$2:$B$1000=$A6)*Final_Merged_Data!$H$2:$H$1000*Final_Merged_Data!$F$2:$F$1000)/F6} -> 4.4178076 | I6: {=SUMPRODUCT((Final_Merged_Data!$B$2:$B$1000=$A6)*Final_Merged_Data!$I$2:$I$1000*Final_Merged_Data!$F$2:$F$1000)/F6} -> 63.630036 | J6: {=_xlfn.TEXTJOIN(", ",TRUE,_xlfn.UNIQUE(_xlfn._xlws.FILTER(Final_Merged_Data!$J$2:$J$1000,Final_Merged_Data!$B$2:$B$1000=$A6)))} -> Chittagong Range | K6: {=SUMPRODUCT((Final_Merged_Data!$B$2:$B$1000=$A6)*Final_Merged_Data!$K$2:$K$1000*Final_Merged_Data!$F$2:$F$1000)/F6} -> 84.879645 | L6: {=SUMPRODUCT((Final_Merged_Data!$B$2:$B$1000=$A6)*Final_Merged_Data!$L$2:$L$1000*Final_Merged_Data!$F$2:$F$1000)/F6} -> 10.309674 | M6: =IF(COUNTIF(Master_Data!$C:$C,$A6)>0,"Found","Missing") -> Found | N6: =_xlfn.XLOOKUP($A6,Master_Data!$C:$C,Master_Data!$D:$D,"CHECK",0) -> Saching Prue Jerry | O6: =_xlfn.XLOOKUP($A6,Master_Data!$C:$C,Master_Data!$E:$E,"CHECK",0) -> BNP | P6: =_xlfn.XLOOKUP($A6,Master_Data!$C:$C,Master_Data!$F:$F,"CHECK",0) -> 1 | Q6: =_xlfn.XLOOKUP($A6,Master_Data!$C:$C,Master_Data!$G:$G,"CHECK",0) -> 141455 | R6: =IFERROR(_xlfn.XLOOKUP($A6,Master_Data!$C:$C,Master_Data!$H:$H,"CHECK",0),"") -> 84.391798 | S6: =_xlfn.XLOOKUP($A6,Master_Data!$C:$C,Master_Data!$I:$I,"CHECK",0) -> Abu Saeed Md. Suja Uddin | T6: =_xlfn.XLOOKUP($A6,Master_Data!$C:$C,Master_Data!$K:$K,"CHECK",0) -> 26162 | U6: =IFERROR(_xlfn.XLOOKUP($A6,Master_Data!$C:$C,Master_Data!$L:$L,"CHECK",0),"") -> 15.608202 | V6: =_xlfn.XLOOKUP($A6,Master_Data!$C:$C,Master_Data!$M:$M,"CHECK",0) -> 115293 | W6: =IFERROR(_xlfn.XLOOKUP($A6,Master_Data!$C:$C,Master_Data!$N:$N,"CHECK",0),"") -> 68.783596 | X6: =IFERROR(_xlfn.XLOOKUP($A6,Master_Data!$C:$C,Master_Data!$O:$O,"CHECK",0),"No Result") -> Safe Seat | Y6: =_xlfn.XLOOKUP($A6,Master_Data!$C:$C,Master_Data!$P:$P,"CHECK",0) -> 0 | Z6: =IF(OR(R6="",Y6="No Result",N6="Election postponed",N6="Result withheld"),0,1) -> 1
A7: Barguna-1 | B7: {=_xlfn.TEXTJOIN(", ",TRUE,_xlfn.UNIQUE(_xlfn._xlws.FILTER(SUBSTITUTE(SUBSTITUTE(SUBSTITUTE(SUBSTITUTE(SUBSTITUTE(SUBSTITUTE(TRIM(Final_Merged_Data!$D$2:$D$1000),"Jessore","Jashore"),"Bogra","Bogura"),"Barisal","Barishal"),"Comilla","Comilla"),"Chittagong","Chittagong"),"Chapai Nawabganj","Chapainawabganj"),Final_Merged_Data!$B$2:$B$1000=$A7)))} -> Barguna | C7: {=_xlfn.TEXTJOIN(", ",TRUE,_xlfn._xlws.FILTER(Final_Merged_Data!$C$2:$C$1000,Final_Merged_Data!$B$2:$B$1000=$A7))} -> Barguna Sadar, Amtali, Taltali | D7: {=COUNTA(_xlfn._xlws.FILTER(Final_Merged_Data!$C$2:$C$1000,Final_Merged_Data!$B$2:$B$1000=$A7))} -> 3 | E7: =SUMIFS(Final_Merged_Data!$E:$E,Final_Merged_Data!$B:$B,$A7) -> 1273.6 | F7: =SUMIFS(Final_Merged_Data!$F:$F,Final_Merged_Data!$B:$B,$A7) -> 628180 | G7: =IF(E7=0,"",F7/E7) -> 493.23178 | H7: {=SUMPRODUCT((Final_Merged_Data!$B$2:$B$1000=$A7)*Final_Merged_Data!$H$2:$H$1000*Final_Merged_Data!$F$2:$F$1000)/F7} -> 3.9720323 | I7: {=SUMPRODUCT((Final_Merged_Data!$B$2:$B$1000=$A7)*Final_Merged_Data!$I$2:$I$1000*Final_Merged_Data!$F$2:$F$1000)/F7} -> 78.903689 | J7: {=_xlfn.TEXTJOIN(", ",TRUE,_xlfn.UNIQUE(_xlfn._xlws.FILTER(Final_Merged_Data!$J$2:$J$1000,Final_Merged_Data!$B$2:$B$1000=$A7)))} -> Barishal Range | K7: {=SUMPRODUCT((Final_Merged_Data!$B$2:$B$1000=$A7)*Final_Merged_Data!$K$2:$K$1000*Final_Merged_Data!$F$2:$F$1000)/F7} -> 112.01965 | L7: {=SUMPRODUCT((Final_Merged_Data!$B$2:$B$1000=$A7)*Final_Merged_Data!$L$2:$L$1000*Final_Merged_Data!$F$2:$F$1000)/F7} -> 22.371674 | M7: =IF(COUNTIF(Master_Data!$C:$C,$A7)>0,"Found","Missing") -> Found | N7: =_xlfn.XLOOKUP($A7,Master_Data!$C:$C,Master_Data!$D:$D,"CHECK",0) -> Mahmudul Hossain Waliullah | O7: =_xlfn.XLOOKUP($A7,Master_Data!$C:$C,Master_Data!$E:$E,"CHECK",0) -> IAB | P7: =_xlfn.XLOOKUP($A7,Master_Data!$C:$C,Master_Data!$F:$F,"CHECK",0) -> 0 | Q7: =_xlfn.XLOOKUP($A7,Master_Data!$C:$C,Master_Data!$G:$G,"CHECK",0) -> 140291 | R7: =IFERROR(_xlfn.XLOOKUP($A7,Master_Data!$C:$C,Master_Data!$H:$H,"CHECK",0),"") -> 50.749902 | S7: =_xlfn.XLOOKUP($A7,Master_Data!$C:$C,Master_Data!$I:$I,"CHECK",0) -> Md. Nazrul Islam Mollah | T7: =_xlfn.XLOOKUP($A7,Master_Data!$C:$C,Master_Data!$K:$K,"CHECK",0) -> 136145 | U7: =IFERROR(_xlfn.XLOOKUP($A7,Master_Data!$C:$C,Master_Data!$L:$L,"CHECK",0),"") -> 49.250098 | V7: =_xlfn.XLOOKUP($A7,Master_Data!$C:$C,Master_Data!$M:$M,"CHECK",0) -> 4146 | W7: =IFERROR(_xlfn.XLOOKUP($A7,Master_Data!$C:$C,Master_Data!$N:$N,"CHECK",0),"") -> 1.4998047 | X7: =IFERROR(_xlfn.XLOOKUP($A7,Master_Data!$C:$C,Master_Data!$O:$O,"CHECK",0),"No Result") -> Highly Competitive | Y7: =_xlfn.XLOOKUP($A7,Master_Data!$C:$C,Master_Data!$P:$P,"CHECK",0) -> 0 | Z7: =IF(OR(R7="",Y7="No Result",N7="Election postponed",N7="Result withheld"),0,1) -> 1
A8: Barguna-2 | B8: {=_xlfn.TEXTJOIN(", ",TRUE,_xlfn.UNIQUE(_xlfn._xlws.FILTER(SUBSTITUTE(SUBSTITUTE(SUBSTITUTE(SUBSTITUTE(SUBSTITUTE(SUBSTITUTE(TRIM(Final_Merged_Data!$D$2:$D$1000),"Jessore","Jashore"),"Bogra","Bogura"),"Barisal","Barishal"),"Comilla","Comilla"),"Chittagong","Chittagong"),"Chapai Nawabganj","Chapainawabganj"),Final_Merged_Data!$B$2:$B$1000=$A8)))} -> Barguna | C8: {=_xlfn.TEXTJOIN(", ",TRUE,_xlfn._xlws.FILTER(Final_Merged_Data!$C$2:$C$1000,Final_Merged_Data!$B$2:$B$1000=$A8))} -> Patharghata, Bamna | D8: {=COUNTA(_xlfn._xlws.FILTER(Final_Merged_Data!$C$2:$C$1000,Final_Merged_Data!$B$2:$B$1000=$A8))} -> 2 | E8: =SUMIFS(Final_Merged_Data!$E:$E,Final_Merged_Data!$B:$B,$A8) -> 487.35 | F8: =SUMIFS(Final_Merged_Data!$F:$F,Final_Merged_Data!$B:$B,$A8) -> 256817 | G8: =IF(E8=0,"",F8/E8) -> 526.96625 | H8: {=SUMPRODUCT((Final_Merged_Data!$B$2:$B$1000=$A8)*Final_Merged_Data!$H$2:$H$1000*Final_Merged_Data!$F$2:$F$1000)/F8} -> 3.76 | I8: {=SUMPRODUCT((Final_Merged_Data!$B$2:$B$1000=$A8)*Final_Merged_Data!$I$2:$I$1000*Final_Merged_Data!$F$2:$F$1000)/F8} -> 84.006046 | J8: {=_xlfn.TEXTJOIN(", ",TRUE,_xlfn.UNIQUE(_xlfn._xlws.FILTER(Final_Merged_Data!$J$2:$J$1000,Final_Merged_Data!$B$2:$B$1000=$A8)))} -> Barishal Range | K8: {=SUMPRODUCT((Final_Merged_Data!$B$2:$B$1000=$A8)*Final_Merged_Data!$K$2:$K$1000*Final_Merged_Data!$F$2:$F$1000)/F8} -> 112.01965 | L8: {=SUMPRODUCT((Final_Merged_Data!$B$2:$B$1000=$A8)*Final_Merged_Data!$L$2:$L$1000*Final_Merged_Data!$F$2:$F$1000)/F8} -> 22.371674 | M8: =IF(COUNTIF(Master_Data!$C:$C,$A8)>0,"Found","Missing") -> Found | N8: =_xlfn.XLOOKUP($A8,Master_Data!$C:$C,Master_Data!$D:$D,"CHECK",0) -> Nurul Islam Moni | O8: =_xlfn.XLOOKUP($A8,Master_Data!$C:$C,Master_Data!$E:$E,"CHECK",0) -> BNP | P8: =_xlfn.XLOOKUP($A8,Master_Data!$C:$C,Master_Data!$F:$F,"CHECK",0) -> 1 | Q8: =_xlfn.XLOOKUP($A8,Master_Data!$C:$C,Master_Data!$G:$G,"CHECK",0) -> 90643 | R8: =IFERROR(_xlfn.XLOOKUP($A8,Master_Data!$C:$C,Master_Data!$H:$H,"CHECK",0),"") -> 51.533913 | S8: =_xlfn.XLOOKUP($A8,Master_Data!$C:$C,Master_Data!$I:$I,"CHECK",0) -> Dr. Sultan Ahmad | T8: =_xlfn.XLOOKUP($A8,Master_Data!$C:$C,Master_Data!$K:$K,"CHECK",0) -> 85247 | U8: =IFERROR(_xlfn.XLOOKUP($A8,Master_Data!$C:$C,Master_Data!$L:$L,"CHECK",0),"") -> 48.466087 | V8: =_xlfn.XLOOKUP($A8,Master_Data!$C:$C,Master_Data!$M:$M,"CHECK",0) -> 5396 | W8: =IFERROR(_xlfn.XLOOKUP($A8,Master_Data!$C:$C,Master_Data!$N:$N,"CHECK",0),"") -> 3.0678265 | X8: =IFERROR(_xlfn.XLOOKUP($A8,Master_Data!$C:$C,Master_Data!$O:$O,"CHECK",0),"No Result") -> Highly Competitive | Y8: =_xlfn.XLOOKUP($A8,Master_Data!$C:$C,Master_Data!$P:$P,"CHECK",0) -> 0 | Z8: =IF(OR(R8="",Y8="No Result",N8="Election postponed",N8="Result withheld"),0,1) -> 1
A9: Barishal-1 | B9: {=_xlfn.TEXTJOIN(", ",TRUE,_xlfn.UNIQUE(_xlfn._xlws.FILTER(SUBSTITUTE(SUBSTITUTE(SUBSTITUTE(SUBSTITUTE(SUBSTITUTE(SUBSTITUTE(TRIM(Final_Merged_Data!$D$2:$D$1000),"Jessore","Jashore"),"Bogra","Bogura"),"Barisal","Barishal"),"Comilla","Comilla"),"Chittagong","Chittagong"),"Chapai Nawabganj","Chapainawabganj"),Final_Merged_Data!$B$2:$B$1000=$A9)))} -> Barishal | C9: {=_xlfn.TEXTJOIN(", ",TRUE,_xlfn._xlws.FILTER(Final_Merged_Data!$C$2:$C$1000,Final_Merged_Data!$B$2:$B$1000=$A9))} -> Gaurnadi, Agailjhara | D9: {=COUNTA(_xlfn._xlws.FILTER(Final_Merged_Data!$C$2:$C$1000,Final_Merged_Data!$B$2:$B$1000=$A9))} -> 2 | E9: =SUMIFS(Final_Merged_Data!$E:$E,Final_Merged_Data!$B:$B,$A9) -> 410.4 | F9: =SUMIFS(Final_Merged_Data!$F:$F,Final_Merged_Data!$B:$B,$A9) -> 362291 | G9: =IF(E9=0,"",F9/E9) -> 882.77534 | H9: {=SUMPRODUCT((Final_Merged_Data!$B$2:$B$1000=$A9)*Final_Merged_Data!$H$2:$H$1000*Final_Merged_Data!$F$2:$F$1000)/F9} -> 4.0684131 | I9: {=SUMPRODUCT((Final_Merged_Data!$B$2:$B$1000=$A9)*Final_Merged_Data!$I$2:$I$1000*Final_Merged_Data!$F$2:$F$1000)/F9} -> 79.912194 | J9: {=_xlfn.TEXTJOIN(", ",TRUE,_xlfn.UNIQUE(_xlfn._xlws.FILTER(Final_Merged_Data!$J$2:$J$1000,Final_Merged_Data!$B$2:$B$1000=$A9)))} -> Barishal Range | K9: {=SUMPRODUCT((Final_Merged_Data!$B$2:$B$1000=$A9)*Final_Merged_Data!$K$2:$K$1000*Final_Merged_Data!$F$2:$F$1000)/F9} -> 112.01965 | L9: {=SUMPRODUCT((Final_Merged_Data!$B$2:$B$1000=$A9)*Final_Merged_Data!$L$2:$L$1000*Final_Merged_Data!$F$2:$F$1000)/F9} -> 22.371674 | M9: =IF(COUNTIF(Master_Data!$C:$C,$A9)>0,"Found","Missing") -> Found | N9: =_xlfn.XLOOKUP($A9,Master_Data!$C:$C,Master_Data!$D:$D,"CHECK",0) -> Zahir Uddin Swapan | O9: =_xlfn.XLOOKUP($A9,Master_Data!$C:$C,Master_Data!$E:$E,"CHECK",0) -> BNP | P9: =_xlfn.XLOOKUP($A9,Master_Data!$C:$C,Master_Data!$F:$F,"CHECK",0) -> 1 | Q9: =_xlfn.XLOOKUP($A9,Master_Data!$C:$C,Master_Data!$G:$G,"CHECK",0) -> 100552 | R9: =IFERROR(_xlfn.XLOOKUP($A9,Master_Data!$C:$C,Master_Data!$H:$H,"CHECK",0),"") -> 68.488915 | S9: =_xlfn.XLOOKUP($A9,Master_Data!$C:$C,Master_Data!$I:$I,"CHECK",0) -> Md. Kamrul Islam Khan | T9: =_xlfn.XLOOKUP($A9,Master_Data!$C:$C,Master_Data!$K:$K,"CHECK",0) -> 46263 | U9: =IFERROR(_xlfn.XLOOKUP($A9,Master_Data!$C:$C,Master_Data!$L:$L,"CHECK",0),"") -> 31.511085 | V9: =_xlfn.XLOOKUP($A9,Master_Data!$C:$C,Master_Data!$M:$M,"CHECK",0) -> 54289 | W9: =IFERROR(_xlfn.XLOOKUP($A9,Master_Data!$C:$C,Master_Data!$N:$N,"CHECK",0),"") -> 36.977829 | X9: =IFERROR(_xlfn.XLOOKUP($A9,Master_Data!$C:$C,Master_Data!$O:$O,"CHECK",0),"No Result") -> Safe Seat | Y9: =_xlfn.XLOOKUP($A9,Master_Data!$C:$C,Master_Data!$P:$P,"CHECK",0) -> 0 | Z9: =IF(OR(R9="",Y9="No Result",N9="Election postponed",N9="Result withheld"),0,1) -> 1
A10: Barishal-2 | B10: {=_xlfn.TEXTJOIN(", ",TRUE,_xlfn.UNIQUE(_xlfn._xlws.FILTER(SUBSTITUTE(SUBSTITUTE(SUBSTITUTE(SUBSTITUTE(SUBSTITUTE(SUBSTITUTE(TRIM(Final_Merged_Data!$D$2:$D$1000),"Jessore","Jashore"),"Bogra","Bogura"),"Barisal","Barishal"),"Comilla","Comilla"),"Chittagong","Chittagong"),"Chapai Nawabganj","Chapainawabganj"),Final_Merged_Data!$B$2:$B$1000=$A10)))} -> Barishal | C10: {=_xlfn.TEXTJOIN(", ",TRUE,_xlfn._xlws.FILTER(Final_Merged_Data!$C$2:$C$1000,Final_Merged_Data!$B$2:$B$1000=$A10))} -> Uzirpur, Banaripara | D10: {=COUNTA(_xlfn._xlws.FILTER(Final_Merged_Data!$C$2:$C$1000,Final_Merged_Data!$B$2:$B$1000=$A10))} -> 2 | E10: =SUMIFS(Final_Merged_Data!$E:$E,Final_Merged_Data!$B:$B,$A10) -> 408.6 | F10: =SUMIFS(Final_Merged_Data!$F:$F,Final_Merged_Data!$B:$B,$A10) -> 424377 | G10: =IF(E10=0,"",F10/E10) -> 1038.6123 | H10: {=SUMPRODUCT((Final_Merged_Data!$B$2:$B$1000=$A10)*Final_Merged_Data!$H$2:$H$1000*Final_Merged_Data!$F$2:$F$1000)/F10} -> 4.0840029 | I10: {=SUMPRODUCT((Final_Merged_Data!$B$2:$B$1000=$A10)*Final_Merged_Data!$I$2:$I$1000*Final_Merged_Data!$F$2:$F$1000)/F10} -> 81.441161 | J10: {=_xlfn.TEXTJOIN(", ",TRUE,_xlfn.UNIQUE(_xlfn._xlws.FILTER(Final_Merged_Data!$J$2:$J$1000,Final_Merged_Data!$B$2:$B$1000=$A10)))} -> Barishal Range | K10: {=SUMPRODUCT((Final_Merged_Data!$B$2:$B$1000=$A10)*Final_Merged_Data!$K$2:$K$1000*Final_Merged_Data!$F$2:$F$1000)/F10} -> 112.01965 | L10: {=SUMPRODUCT((Final_Merged_Data!$B$2:$B$1000=$A10)*Final_Merged_Data!$L$2:$L$1000*Final_Merged_Data!$F$2:$F$1000)/F10} -> 22.371674 | M10: =IF(COUNTIF(Master_Data!$C:$C,$A10)>0,"Found","Missing") -> Found | N10: =_xlfn.XLOOKUP($A10,Master_Data!$C:$C,Master_Data!$D:$D,"CHECK",0) -> Sardar Sarfuddin Ahmed | O10: =_xlfn.XLOOKUP($A10,Master_Data!$C:$C,Master_Data!$E:$E,"CHECK",0) -> BNP | P10: =_xlfn.XLOOKUP($A10,Master_Data!$C:$C,Master_Data!$F:$F,"CHECK",0) -> 1 | Q10: =_xlfn.XLOOKUP($A10,Master_Data!$C:$C,Master_Data!$G:$G,"CHECK",0) -> 141622 | R10: =IFERROR(_xlfn.XLOOKUP($A10,Master_Data!$C:$C,Master_Data!$H:$H,"CHECK",0),"") -> 65.655713 | S10: =_xlfn.XLOOKUP($A10,Master_Data!$C:$C,Master_Data!$I:$I,"CHECK",0) -> Abdul Mannan | T10: =_xlfn.XLOOKUP($A10,Master_Data!$C:$C,Master_Data!$K:$K,"CHECK",0) -> 74082 | U10: =IFERROR(_xlfn.XLOOKUP($A10,Master_Data!$C:$C,Master_Data!$L:$L,"CHECK",0),"") -> 34.344287 | V10: =_xlfn.XLOOKUP($A10,Master_Data!$C:$C,Master_Data!$M:$M,"CHECK",0) -> 67540 | W10: =IFERROR(_xlfn.XLOOKUP($A10,Master_Data!$C:$C,Master_Data!$N:$N,"CHECK",0),"") -> 31.311427 | X10: =IFERROR(_xlfn.XLOOKUP($A10,Master_Data!$C:$C,Master_Data!$O:$O,"CHECK",0),"No Result") -> Safe Seat | Y10: =_xlfn.XLOOKUP($A10,Master_Data!$C:$C,Master_Data!$P:$P,"CHECK",0) -> 0 | Z10: =IF(OR(R10="",Y10="No Result",N10="Election postponed",N10="Result withheld"),0,1) -> 1
A11: Barishal-3 | B11: {=_xlfn.TEXTJOIN(", ",TRUE,_xlfn.UNIQUE(_xlfn._xlws.FILTER(SUBSTITUTE(SUBSTITUTE(SUBSTITUTE(SUBSTITUTE(SUBSTITUTE(SUBSTITUTE(TRIM(Final_Merged_Data!$D$2:$D$1000),"Jessore","Jashore"),"Bogra","Bogura"),"Barisal","Barishal"),"Comilla","Comilla"),"Chittagong","Chittagong"),"Chapai Nawabganj","Chapainawabganj"),Final_Merged_Data!$B$2:$B$1000=$A11)))} -> Barishal | C11: {=_xlfn.TEXTJOIN(", ",TRUE,_xlfn._xlws.FILTER(Final_Merged_Data!$C$2:$C$1000,Final_Merged_Data!$B$2:$B$1000=$A11))} -> Barishal Sadar | D11: {=COUNTA(_xlfn._xlws.FILTER(Final_Merged_Data!$C$2:$C$1000,Final_Merged_Data!$B$2:$B$1000=$A11))} -> 1 | E11: =SUMIFS(Final_Merged_Data!$E:$E,Final_Merged_Data!$B:$B,$A11) -> 54.17 | F11: =SUMIFS(Final_Merged_Data!$F:$F,Final_Merged_Data!$B:$B,$A11) -> 237207 | G11: =IF(E11=0,"",F11/E11) -> 4378.9367 | H11: {=SUMPRODUCT((Final_Merged_Data!$B$2:$B$1000=$A11)*Final_Merged_Data!$H$2:$H$1000*Final_Merged_Data!$F$2:$F$1000)/F11} -> 4.15 | I11: {=SUMPRODUCT((Final_Merged_Data!$B$2:$B$1000=$A11)*Final_Merged_Data!$I$2:$I$1000*Final_Merged_Data!$F$2:$F$1000)/F11} -> 80.01 | J11: {=_xlfn.TEXTJOIN(", ",TRUE,_xlfn.UNIQUE(_xlfn._xlws.FILTER(Final_Merged_Data!$J$2:$J$1000,Final_Merged_Data!$B$2:$B$1000=$A11)))} -> Barishal Range | K11: {=SUMPRODUCT((Final_Merged_Data!$B$2:$B$1000=$A11)*Final_Merged_Data!$K$2:$K$1000*Final_Merged_Data!$F$2:$F$1000)/F11} -> 112.01965 | L11: {=SUMPRODUCT((Final_Merged_Data!$B$2:$B$1000=$A11)*Final_Merged_Data!$L$2:$L$1000*Final_Merged_Data!$F$2:$F$1000)/F11} -> 22.371674 | M11: =IF(COUNTIF(Master_Data!$C:$C,$A11)>0,"Found","Missing") -> Found | N11: =_xlfn.XLOOKUP($A11,Master_Data!$C:$C,Master_Data!$D:$D,"CHECK",0) -> Zainul Abedin | O11: =_xlfn.XLOOKUP($A11,Master_Data!$C:$C,Master_Data!$E:$E,"CHECK",0) -> BNP | P11: =_xlfn.XLOOKUP($A11,Master_Data!$C:$C,Master_Data!$F:$F,"CHECK",0) -> 1 | Q11: =_xlfn.XLOOKUP($A11,Master_Data!$C:$C,Master_Data!$G:$G,"CHECK",0) -> 80930 | R11: =IFERROR(_xlfn.XLOOKUP($A11,Master_Data!$C:$C,Master_Data!$H:$H,"CHECK",0),"") -> 56.944034 | S11: =_xlfn.XLOOKUP($A11,Master_Data!$C:$C,Master_Data!$I:$I,"CHECK",0) -> Asaduzzaman Fuaad | T11: =_xlfn.XLOOKUP($A11,Master_Data!$C:$C,Master_Data!$K:$K,"CHECK",0) -> 61192 | U11: =IFERROR(_xlfn.XLOOKUP($A11,Master_Data!$C:$C,Master_Data!$L:$L,"CHECK",0),"") -> 43.055966 | V11: =_xlfn.XLOOKUP($A11,Master_Data!$C:$C,Master_Data!$M:$M,"CHECK",0) -> 19738 | W11: =IFERROR(_xlfn.XLOOKUP($A11,Master_Data!$C:$C,Master_Data!$N:$N,"CHECK",0),"") -> 13.888068 | X11: =IFERROR(_xlfn.XLOOKUP($A11,Master_Data!$C:$C,Master_Data!$O:$O,"CHECK",0),"No Result") -> Safe Seat | Y11: =_xlfn.XLOOKUP($A11,Master_Data!$C:$C,Master_Data!$P:$P,"CHECK",0) -> 1 | Z11: =IF(OR(R11="",Y11="No Result",N11="Election postponed",N11="Result withheld"),0,1) -> 1
A12: Barishal-4 | B12: {=_xlfn.TEXTJOIN(", ",TRUE,_xlfn.UNIQUE(_xlfn._xlws.FILTER(SUBSTITUTE(SUBSTITUTE(SUBSTITUTE(SUBSTITUTE(SUBSTITUTE(SUBSTITUTE(TRIM(Final_Merged_Data!$D$2:$D$1000),"Jessore","Jashore"),"Bogra","Bogura"),"Barisal","Barishal"),"Comilla","Comilla"),"Chittagong","Chittagong"),"Chapai Nawabganj","Chapainawabganj"),Final_Merged_Data!$B$2:$B$1000=$A12)))} -> Barishal | C12: {=_xlfn.TEXTJOIN(", ",TRUE,_xlfn._xlws.FILTER(Final_Merged_Data!$C$2:$C$1000,Final_Merged_Data!$B$2:$B$1000=$A12))} -> Mehendiganj | D12: {=COUNTA(_xlfn._xlws.FILTER(Final_Merged_Data!$C$2:$C$1000,Final_Merged_Data!$B$2:$B$1000=$A12))} -> 1 | E12: =SUMIFS(Final_Merged_Data!$E:$E,Final_Merged_Data!$B:$B,$A12) -> 774.5 | F12: =SUMIFS(Final_Merged_Data!$F:$F,Final_Merged_Data!$B:$B,$A12) -> 283877 | G12: =IF(E12=0,"",F12/E12) -> 366.52937 | H12: {=SUMPRODUCT((Final_Merged_Data!$B$2:$B$1000=$A12)*Final_Merged_Data!$H$2:$H$1000*Final_Merged_Data!$F$2:$F$1000)/F12} -> 4.04 | I12: {=SUMPRODUCT((Final_Merged_Data!$B$2:$B$1000=$A12)*Final_Merged_Data!$I$2:$I$1000*Final_Merged_Data!$F$2:$F$1000)/F12} -> 71.23 | J12: {=_xlfn.TEXTJOIN(", ",TRUE,_xlfn.UNIQUE(_xlfn._xlws.FILTER(Final_Merged_Data!$J$2:$J$1000,Final_Merged_Data!$B$2:$B$1000=$A12)))} -> Barishal Range | K12: {=SUMPRODUCT((Final_Merged_Data!$B$2:$B$1000=$A12)*Final_Merged_Data!$K$2:$K$1000*Final_Merged_Data!$F$2:$F$1000)/F12} -> 112.01965 | L12: {=SUMPRODUCT((Final_Merged_Data!$B$2:$B$1000=$A12)*Final_Merged_Data!$L$2:$L$1000*Final_Merged_Data!$F$2:$F$1000)/F12} -> 22.371674 | M12: =IF(COUNTIF(Master_Data!$C:$C,$A12)>0,"Found","Missing") -> Found | N12: =_xlfn.XLOOKUP($A12,Master_Data!$C:$C,Master_Data!$D:$D,"CHECK",0) -> Md. Rajib Ahsan | O12: =_xlfn.XLOOKUP($A12,Master_Data!$C:$C,Master_Data!$E:$E,"CHECK",0) -> BNP | P12: =_xlfn.XLOOKUP($A12,Master_Data!$C:$C,Master_Data!$F:$F,"CHECK",0) -> 1 | Q12: =_xlfn.XLOOKUP($A12,Master_Data!$C:$C,Master_Data!$G:$G,"CHECK",0) -> 128322 | R12: =IFERROR(_xlfn.XLOOKUP($A12,Master_Data!$C:$C,Master_Data!$H:$H,"CHECK",0),"") -> 63.21094 | S12: =_xlfn.XLOOKUP($A12,Master_Data!$C:$C,Master_Data!$I:$I,"CHECK",0) -> Mohammad Abdul Jabbar | T12: =_xlfn.XLOOKUP($A12,Master_Data!$C:$C,Master_Data!$K:$K,"CHECK",0) -> 74684 | U12: =IFERROR(_xlfn.XLOOKUP($A12,Master_Data!$C:$C,Master_Data!$L:$L,"CHECK",0),"") -> 36.78906 | V12: =_xlfn.XLOOKUP($A12,Master_Data!$C:$C,Master_Data!$M:$M,"CHECK",0) -> 53638 | W12: =IFERROR(_xlfn.XLOOKUP($A12,Master_Data!$C:$C,Master_Data!$N:$N,"CHECK",0),"") -> 26.421879 | X12: =IFERROR(_xlfn.XLOOKUP($A12,Master_Data!$C:$C,Master_Data!$O:$O,"CHECK",0),"No Result") -> Safe Seat | Y12: =_xlfn.XLOOKUP($A12,Master_Data!$C:$C,Master_Data!$P:$P,"CHECK",0) -> 0 | Z12: =IF(OR(R12="",Y12="No Result",N12="Election postponed",N12="Result withheld"),0,1) -> 1
A13: Barishal-5 | B13: {=_xlfn.TEXTJOIN(", ",TRUE,_xlfn.UNIQUE(_xlfn._xlws.FILTER(SUBSTITUTE(SUBSTITUTE(SUBSTITUTE(SUBSTITUTE(SUBSTITUTE(SUBSTITUTE(TRIM(Final_Merged_Data!$D$2:$D$1000),"Jessore","Jashore"),"Bogra","Bogura"),"Barisal","Barishal"),"Comilla","Comilla"),"Chittagong","Chittagong"),"Chapai Nawabganj","Chapainawabganj"),Final_Merged_Data!$B$2:$B$1000=$A13)))} -> Barishal | C13: {=_xlfn.TEXTJOIN(", ",TRUE,_xlfn._xlws.FILTER(Final_Merged_Data!$C$2:$C$1000,Final_Merged_Data!$B$2:$B$1000=$A13))} -> Bakerganj | D13: {=COUNTA(_xlfn._xlws.FILTER(Final_Merged_Data!$C$2:$C$1000,Final_Merged_Data!$B$2:$B$1000=$A13))} -> 1 | E13: =SUMIFS(Final_Merged_Data!$E:$E,Final_Merged_Data!$B:$B,$A13) -> 259.56 | F13: =SUMIFS(Final_Merged_Data!$F:$F,Final_Merged_Data!$B:$B,$A13) -> 356012 | G13: =IF(E13=0,"",F13/E13) -> 1371.5981 | H13: {=SUMPRODUCT((Final_Merged_Data!$B$2:$B$1000=$A13)*Final_Merged_Data!$H$2:$H$1000*Final_Merged_Data!$F$2:$F$1000)/F13} -> 3.96 | I13: {=SUMPRODUCT((Final_Merged_Data!$B$2:$B$1000=$A13)*Final_Merged_Data!$I$2:$I$1000*Final_Merged_Data!$F$2:$F$1000)/F13} -> 79.93 | J13: {=_xlfn.TEXTJOIN(", ",TRUE,_xlfn.UNIQUE(_xlfn._xlws.FILTER(Final_Merged_Data!$J$2:$J$1000,Final_Merged_Data!$B$2:$B$1000=$A13)))} -> Barishal Range | K13: {=SUMPRODUCT((Final_Merged_Data!$B$2:$B$1000=$A13)*Final_Merged_Data!$K$2:$K$1000*Final_Merged_Data!$F$2:$F$1000)/F13} -> 112.01965 | L13: {=SUMPRODUCT((Final_Merged_Data!$B$2:$B$1000=$A13)*Final_Merged_Data!$L$2:$L$1000*Final_Merged_Data!$F$2:$F$1000)/F13} -> 22.371674 | M13: =IF(COUNTIF(Master_Data!$C:$C,$A13)>0,"Found","Missing") -> Found | N13: =_xlfn.XLOOKUP($A13,Master_Data!$C:$C,Master_Data!$D:$D,"CHECK",0) -> Majibur Rahman Sarwar | O13: =_xlfn.XLOOKUP($A13,Master_Data!$C:$C,Master_Data!$E:$E,"CHECK",0) -> BNP | P13: =_xlfn.XLOOKUP($A13,Master_Data!$C:$C,Master_Data!$F:$F,"CHECK",0) -> 1 | Q13: =_xlfn.XLOOKUP($A13,Master_Data!$C:$C,Master_Data!$G:$G,"CHECK",0) -> 135146 | R13: =IFERROR(_xlfn.XLOOKUP($A13,Master_Data!$C:$C,Master_Data!$H:$H,"CHECK",0),"") -> 58.71063 | S13: =_xlfn.XLOOKUP($A13,Master_Data!$C:$C,Master_Data!$I:$I,"CHECK",0) -> Syed Faizul Karim | T13: =_xlfn.XLOOKUP($A13,Master_Data!$C:$C,Master_Data!$K:$K,"CHECK",0) -> 95044 | U13: =IFERROR(_xlfn.XLOOKUP($A13,Master_Data!$C:$C,Master_Data!$L:$L,"CHECK",0),"") -> 41.28937 | V13: =_xlfn.XLOOKUP($A13,Master_Data!$C:$C,Master_Data!$M:$M,"CHECK",0) -> 40102 | W13: =IFERROR(_xlfn.XLOOKUP($A13,Master_Data!$C:$C,Master_Data!$N:$N,"CHECK",0),"") -> 17.421261 | X13: =IFERROR(_xlfn.XLOOKUP($A13,Master_Data!$C:$C,Master_Data!$O:$O,"CHECK",0),"No Result") -> Safe Seat | Y13: =_xlfn.XLOOKUP($A13,Master_Data!$C:$C,Master_Data!$P:$P,"CHECK",0) -> 0 | Z13: =IF(OR(R13="",Y13="No Result",N13="Election postponed",N13="Result withheld"),0,1) -> 1
A14: Barishal-6 | B14: {=_xlfn.TEXTJOIN(", ",TRUE,_xlfn.UNIQUE(_xlfn._xlws.FILTER(SUBSTITUTE(SUBSTITUTE(SUBSTITUTE(SUBSTITUTE(SUBSTITUTE(SUBSTITUTE(TRIM(Final_Merged_Data!$D$2:$D$1000),"Jessore","Jashore"),"Bogra","Bogura"),"Barisal","Barishal"),"Comilla","Comilla"),"Chittagong","Chittagong"),"Chapai Nawabganj","Chapainawabganj"),Final_Merged_Data!$B$2:$B$1000=$A14)))} -> Barishal | C14: {=_xlfn.TEXTJOIN(", ",TRUE,_xlfn._xlws.FILTER(Final_Merged_Data!$C$2:$C$1000,Final_Merged_Data!$B$2:$B$1000=$A14))} -> Muladi, Hizla | D14: {=COUNTA(_xlfn._xlws.FILTER(Final_Merged_Data!$C$2:$C$1000,Final_Merged_Data!$B$2:$B$1000=$A14))} -> 2 | E14: =SUMIFS(Final_Merged_Data!$E:$E,Final_Merged_Data!$B:$B,$A14) -> 373.55 | F14: =SUMIFS(Final_Merged_Data!$F:$F,Final_Merged_Data!$B:$B,$A14) -> 332589 | G14: =IF(E14=0,"",F14/E14) -> 890.34667 | H14: {=SUMPRODUCT((Final_Merged_Data!$B$2:$B$1000=$A14)*Final_Merged_Data!$H$2:$H$1000*Final_Merged_Data!$F$2:$F$1000)/F14} -> 4.0521436 | I14: {=SUMPRODUCT((Final_Merged_Data!$B$2:$B$1000=$A14)*Final_Merged_Data!$I$2:$I$1000*Final_Merged_Data!$F$2:$F$1000)/F14} -> 72.296927 | J14: {=_xlfn.TEXTJOIN(", ",TRUE,_xlfn.UNIQUE(_xlfn._xlws.FILTER(Final_Merged_Data!$J$2:$J$1000,Final_Merged_Data!$B$2:$B$1000=$A14)))} -> Barishal Range | K14: {=SUMPRODUCT((Final_Merged_Data!$B$2:$B$1000=$A14)*Final_Merged_Data!$K$2:$K$1000*Final_Merged_Data!$F$2:$F$1000)/F14} -> 112.01965 | L14: {=SUMPRODUCT((Final_Merged_Data!$B$2:$B$1000=$A14)*Final_Merged_Data!$L$2:$L$1000*Final_Merged_Data!$F$2:$F$1000)/F14} -> 22.371674 | M14: =IF(COUNTIF(Master_Data!$C:$C,$A14)>0,"Found","Missing") -> Found | N14: =_xlfn.XLOOKUP($A14,Master_Data!$C:$C,Master_Data!$D:$D,"CHECK",0) -> Abul Hossain Khan | O14: =_xlfn.XLOOKUP($A14,Master_Data!$C:$C,Master_Data!$E:$E,"CHECK",0) -> BNP | P14: =_xlfn.XLOOKUP($A14,Master_Data!$C:$C,Master_Data!$F:$F,"CHECK",0) -> 1 | Q14: =_xlfn.XLOOKUP($A14,Master_Data!$C:$C,Master_Data!$G:$G,"CHECK",0) -> 82217 | R14: =IFERROR(_xlfn.XLOOKUP($A14,Master_Data!$C:$C,Master_Data!$H:$H,"CHECK",0),"") -> 59.489165 | S14: =_xlfn.XLOOKUP($A14,Master_Data!$C:$C,Master_Data!$I:$I,"CHECK",0) -> Md. Mahmudunnabi | T14: =_xlfn.XLOOKUP($A14,Master_Data!$C:$C,Master_Data!$K:$K,"CHECK",0) -> 55988 | U14: =IFERROR(_xlfn.XLOOKUP($A14,Master_Data!$C:$C,Master_Data!$L:$L,"CHECK",0),"") -> 40.510835 | V14: =_xlfn.XLOOKUP($A14,Master_Data!$C:$C,Master_Data!$M:$M,"CHECK",0) -> 26229 | W14: =IFERROR(_xlfn.XLOOKUP($A14,Master_Data!$C:$C,Master_Data!$N:$N,"CHECK",0),"") -> 18.978329 | X14: =IFERROR(_xlfn.XLOOKUP($A14,Master_Data!$C:$C,Master_Data!$O:$O,"CHECK",0),"No Result") -> Safe Seat | Y14: =_xlfn.XLOOKUP($A14,Master_Data!$C:$C,Master_Data!$P:$P,"CHECK",0) -> 0 | Z14: =IF(OR(R14="",Y14="No Result",N14="Election postponed",N14="Result withheld"),0,1) -> 1
... A301: Thakurgaon-3 | B301: {=_xlfn.TEXTJOIN(", ",TRUE,_xlfn.UNIQUE(_xlfn._xlws.FILTER(SUBSTITUTE(SUBSTITUTE(SUBSTITUTE(SUBSTITUTE(SUBSTITUTE(SUBSTITUTE(TRIM(Final_Merged_Data!$D$2:$D$1000),"Jessore","Jashore"),"Bogra","Bogura"),"Barisal","Barishal"),"Comilla","Comilla"),"Chittagong","Chittagong"),"Chapai Nawabganj","Chapainawabganj"),Final_Merged_Data!$B$2:$B$1000=$A301)))} -> Thakurgaon | C301: {=_xlfn.TEXTJOIN(", ",TRUE,_xlfn._xlws.FILTER(Final_Merged_Data!$C$2:$C$1000,Final_Merged_Data!$B$2:$B$1000=$A301))} -> Pirganj, Ranishankail | D301: {=COUNTA(_xlfn._xlws.FILTER(Final_Merged_Data!$C$2:$C$1000,Final_Merged_Data!$B$2:$B$1000=$A301))} -> 2 | E301: =SUMIFS(Final_Merged_Data!$E:$E,Final_Merged_Data!$B:$B,$A301) -> 615.1 | F301: =SUMIFS(Final_Merged_Data!$F:$F,Final_Merged_Data!$B:$B,$A301) -> 658907 | G301: =IF(E301=0,"",F301/E301) -> 1071.2193 | H301: {=SUMPRODUCT((Final_Merged_Data!$B$2:$B$1000=$A301)*Final_Merged_Data!$H$2:$H$1000*Final_Merged_Data!$F$2:$F$1000)/F301} -> 3.7059437 | I301: {=SUMPRODUCT((Final_Merged_Data!$B$2:$B$1000=$A301)*Final_Merged_Data!$I$2:$I$1000*Final_Merged_Data!$F$2:$F$1000)/F301} -> 69.551084 | J301: {=_xlfn.TEXTJOIN(", ",TRUE,_xlfn.UNIQUE(_xlfn._xlws.FILTER(Final_Merged_Data!$J$2:$J$1000,Final_Merged_Data!$B$2:$B$1000=$A301)))} -> Rangpur Range | K301: {=SUMPRODUCT((Final_Merged_Data!$B$2:$B$1000=$A301)*Final_Merged_Data!$K$2:$K$1000*Final_Merged_Data!$F$2:$F$1000)/F301} -> 101.9087 | L301: {=SUMPRODUCT((Final_Merged_Data!$B$2:$B$1000=$A301)*Final_Merged_Data!$L$2:$L$1000*Final_Merged_Data!$F$2:$F$1000)/F301} -> 15.175373 | M301: =IF(COUNTIF(Master_Data!$C:$C,$A301)>0,"Found","Missing") -> Found | N301: =_xlfn.XLOOKUP($A301,Master_Data!$C:$C,Master_Data!$D:$D,"CHECK",0) -> Jahidur Rahman | O301: =_xlfn.XLOOKUP($A301,Master_Data!$C:$C,Master_Data!$E:$E,"CHECK",0) -> BNP | P301: =_xlfn.XLOOKUP($A301,Master_Data!$C:$C,Master_Data!$F:$F,"CHECK",0) -> 1 | Q301: =_xlfn.XLOOKUP($A301,Master_Data!$C:$C,Master_Data!$G:$G,"CHECK",0) -> 132797 | R301: =IFERROR(_xlfn.XLOOKUP($A301,Master_Data!$C:$C,Master_Data!$H:$H,"CHECK",0),"") -> 59.091536 | S301: =_xlfn.XLOOKUP($A301,Master_Data!$C:$C,Master_Data!$I:$I,"CHECK",0) -> Md. Mizanur Rahman | T301: =_xlfn.XLOOKUP($A301,Master_Data!$C:$C,Master_Data!$K:$K,"CHECK",0) -> 91934 | U301: =IFERROR(_xlfn.XLOOKUP($A301,Master_Data!$C:$C,Master_Data!$L:$L,"CHECK",0),"") -> 40.908464 | V301: =_xlfn.XLOOKUP($A301,Master_Data!$C:$C,Master_Data!$M:$M,"CHECK",0) -> 40863 | W301: =IFERROR(_xlfn.XLOOKUP($A301,Master_Data!$C:$C,Master_Data!$N:$N,"CHECK",0),"") -> 18.183072 | X301: =IFERROR(_xlfn.XLOOKUP($A301,Master_Data!$C:$C,Master_Data!$O:$O,"CHECK",0),"No Result") -> Safe Seat | Y301: =_xlfn.XLOOKUP($A301,Master_Data!$C:$C,Master_Data!$P:$P,"CHECK",0) -> 0 | Z301: =IF(OR(R301="",Y301="No Result",N301="Election postponed",N301="Result withheld"),0,1) -> 1
C302: {=_xlfn.TEXTJOIN(", ",TRUE,_xlfn._xlws.FILTER(Final_Merged_Data!$C$2:$C$1000,Final_Merged_Data!$B$2:$B$1000=$A302))}

Sheet Master_Data
A1: Constituency_ID | B1: Division | C1: Constituency | D1: Winner | E1: Party | F1: Party_binary | G1: Votes | H1: Winner_Vote_Share | I1: Runner_Up | J1: Runner_Party | K1: Runner_Votes | L1: Runner_Up_Vote_Share | M1: Margin_Votes | N1: Margin_Percentage | O1: Competitiveness | P1: Metropolitan | Q1: Election_Year
A2: 1 | B2: Rangpur | C2: Panchagarh-1 | D2: Muhammad Nawshad Zamir | E2: BNP | F2: =IF(E2="BNP",1, IF(E2="Jamaat",2, IF(E2="AL",3, IF(E2="JP",4, IF(E2="IND",5,0))))) -> 1 | G2: 176169 | H2: =G2/(G2+K2)*100 -> 51.179485 | I2: Sarjis Alam | J2: NCP | K2: 168049 | L2: =K2/(G2+K2)*100 -> 48.820515 | M2: 8120 | N2: =(G2-K2)/(G2+K2)*100 -> 2.3589702 | O2: =IF(N2<5,"Highly Competitive", IF(N2<0.1,"Competitive", IF(N2<0.2,"Moderate","Safe Seat"))) -> Highly Competitive | P2: 0 | Q2: 2026
A3: 2 | C3: Panchagarh-2 | D3: Farhad Hossain Azad | E3: BNP | F3: =IF(E3="BNP",1, IF(E3="Jamaat",2, IF(E3="AL",3, IF(E3="JP",4, IF(E3="IND",5,0))))) -> 1 | G3: 174650 | H3: =G3/(G3+K3)*100 -> 57.54303 | I3: Md. Shafiul Alam | J3: Jamaat | K3: 128862 | L3: =K3/(G3+K3)*100 -> 42.45697 | M3: 45788 | N3: =(G3-K3)/(G3+K3)*100 -> 15.086059 | O3: =IF(N3<5,"Highly Competitive", IF(N3<0.1,"Competitive", IF(N3<0.2,"Moderate","Safe Seat"))) -> Safe Seat | P3: 0 | Q3: 2026
A4: 3 | C4: Thakurgaon-1 | D4: Mirza Fakhrul Islam Alamgir | E4: BNP | F4: =IF(E4="BNP",1, IF(E4="Jamaat",2, IF(E4="AL",3, IF(E4="JP",4, IF(E4="IND",5,0))))) -> 1 | G4: 238836 | H4: =G4/(G4+K4)*100 -> 62.875902 | I4: Delawar Hossain | J4: Jamaat | K4: 141017 | L4: =K4/(G4+K4)*100 -> 37.124098 | M4: 97819 | N4: =(G4-K4)/(G4+K4)*100 -> 25.751804 | O4: =IF(N4<5,"Highly Competitive", IF(N4<0.1,"Competitive", IF(N4<0.2,"Moderate","Safe Seat"))) -> Safe Seat | P4: 0 | Q4: 2026
A5: 4 | C5: Thakurgaon-2 | D5: Abdus Salam | E5: BNP | F5: =IF(E5="BNP",1, IF(E5="Jamaat",2, IF(E5="AL",3, IF(E5="JP",4, IF(E5="IND",5,0))))) -> 1 | G5: 121017 | H5: =G5/(G5+K5)*100 -> 51.121559 | I5: Md. Abdul Hakim | J5: Jamaat | K5: 115707 | L5: =K5/(G5+K5)*100 -> 48.878441 | M5: 5310 | N5: =(G5-K5)/(G5+K5)*100 -> 2.2431186 | O5: =IF(N5<5,"Highly Competitive", IF(N5<0.1,"Competitive", IF(N5<0.2,"Moderate","Safe Seat"))) -> Highly Competitive | P5: 0 | Q5: 2026
A6: 5 | C6: Thakurgaon-3 | D6: Jahidur Rahman | E6: BNP | F6: =IF(E6="BNP",1, IF(E6="Jamaat",2, IF(E6="AL",3, IF(E6="JP",4, IF(E6="IND",5,0))))) -> 1 | G6: 132797 | H6: =G6/(G6+K6)*100 -> 59.091536 | I6: Md. Mizanur Rahman | J6: Jamaat | K6: 91934 | L6: =K6/(G6+K6)*100 -> 40.908464 | M6: 40863 | N6: =(G6-K6)/(G6+K6)*100 -> 18.183072 | O6: =IF(N6<5,"Highly Competitive", IF(N6<0.1,"Competitive", IF(N6<0.2,"Moderate","Safe Seat"))) -> Safe Seat | P6: 0 | Q6: 2026
A7: 6 | C7: Dinajpur-1 | D7: Md. Manjurul Islam | E7: BNP | F7: =IF(E7="BNP",1, IF(E7="Jamaat",2, IF(E7="AL",3, IF(E7="JP",4, IF(E7="IND",5,0))))) -> 1 | G7: 179314 | H7: =G7/(G7+K7)*100 -> 60.416786 | I7: Md. Matiur Rahman | J7: Jamaat | K7: 117481 | L7: =K7/(G7+K7)*100 -> 39.583214 | M7: 61833 | N7: =(G7-K7)/(G7+K7)*100 -> 20.833572 | O7: =IF(N7<5,"Highly Competitive", IF(N7<0.1,"Competitive", IF(N7<0.2,"Moderate","Safe Seat"))) -> Safe Seat | P7: 0 | Q7: 2026
A8: 7 | C8: Dinajpur-2 | D8: Md. Sadiq Riaz | E8: BNP | F8: =IF(E8="BNP",1, IF(E8="Jamaat",2, IF(E8="AL",3, IF(E8="JP",4, IF(E8="IND",5,0))))) -> 1 | G8: 144317 | H8: =G8/(G8+K8)*100 -> 58.630174 | I8: A. K. M. Afzalul Anam | J8: Jamaat | K8: 101831 | L8: =K8/(G8+K8)*100 -> 41.369826 | M8: 42486 | N8: =(G8-K8)/(G8+K8)*100 -> 17.260347 | O8: =IF(N8<5,"Highly Competitive", IF(N8<0.1,"Competitive", IF(N8<0.2,"Moderate","Safe Seat"))) -> Safe Seat | P8: 0 | Q8: 2026
A9: 8 | C9: Dinajpur-3 | D9: Syed Jahangir Alam | E9: BNP | F9: =IF(E9="BNP",1, IF(E9="Jamaat",2, IF(E9="AL",3, IF(E9="JP",4, IF(E9="IND",5,0))))) -> 1 | G9: 139207 | H9: =G9/(G9+K9)*100 -> 50.837944 | I9: Md. Mainul Alam | J9: Jamaat | K9: 134618 | L9: =K9/(G9+K9)*100 -> 49.162056 | M9: 4589 | N9: =(G9-K9)/(G9+K9)*100 -> 1.6758879 | O9: =IF(N9<5,"Highly Competitive", IF(N9<0.1,"Competitive", IF(N9<0.2,"Moderate","Safe Seat"))) -> Highly Competitive | P9: 0 | Q9: 2026
A10: 9 | C10: Dinajpur-4 | D10: Md. Akhtaruzzaman Mia | E10: BNP | F10: =IF(E10="BNP",1, IF(E10="Jamaat",2, IF(E10="AL",3, IF(E10="JP",4, IF(E10="IND",5,0))))) -> 1 | G10: 165577 | H10: =G10/(G10+K10)*100 -> 56.464093 | I10: Md. Aftab Uddin Mollah | J10: Jamaat | K10: 127666 | L10: =K10/(G10+K10)*100 -> 43.535907 | M10: 37911 | N10: =(G10-K10)/(G10+K10)*100 -> 12.928186 | O10: =IF(N10<5,"Highly Competitive", IF(N10<0.1,"Competitive", IF(N10<0.2,"Moderate","Safe Seat"))) -> Safe Seat | P10: 0 | Q10: 2026
A11: 10 | C11: Dinajpur-5 | D11: A. Z. M. Rezwanul Haque | E11: IND | F11: =IF(E11="BNP",1, IF(E11="Jamaat",2, IF(E11="AL",3, IF(E11="JP",4, IF(E11="IND",5,0))))) -> 5 | G11: 113650 | H11: =G11/(G11+K11)*100 -> 51.056164 | I11: Md. Abdul Ahad | J11: NCP | K11: 108948 | L11: =K11/(G11+K11)*100 -> 48.943836 | M11: 4702 | N11: =(G11-K11)/(G11+K11)*100 -> 2.1123281 | O11: =IF(N11<5,"Highly Competitive", IF(N11<0.1,"Competitive", IF(N11<0.2,"Moderate","Safe Seat"))) -> Highly Competitive | P11: 0 | Q11: 2026
A12: 11 | C12: Dinajpur-6 | D12: A. Z. M. Zahid Hossain | E12: BNP | F12: =IF(E12="BNP",1, IF(E12="Jamaat",2, IF(E12="AL",3, IF(E12="JP",4, IF(E12="IND",5,0))))) -> 1 | G12: 203887 | H12: =G12/(G12+K12)*100 -> 51.931708 | I12: Md. Anwarul Islam | J12: Jamaat | K12: 188719 | L12: =K12/(G12+K12)*100 -> 48.068292 | M12: 15168 | N12: =(G12-K12)/(G12+K12)*100 -> 3.8634152 | O12: =IF(N12<5,"Highly Competitive", IF(N12<0.1,"Competitive", IF(N12<0.2,"Moderate","Safe Seat"))) -> Highly Competitive | P12: 0 | Q12: 2026
A13: 12 | C13: Nilphamari-1 | D13: Md. Abdus Sattar | E13: Jamaat | F13: =IF(E13="BNP",1, IF(E13="Jamaat",2, IF(E13="AL",3, IF(E13="JP",4, IF(E13="IND",5,0))))) -> 2 | G13: 149224 | H13: =G13/(G13+K13)*100 -> 55.808874 | I13: Md. Manjurul Islam | J13: JUIB | K13: 118160 | L13: =K13/(G13+K13)*100 -> 44.191126 | M13: 31064 | N13: =(G13-K13)/(G13+K13)*100 -> 11.617748 | O13: =IF(N13<5,"Highly Competitive", IF(N13<0.1,"Competitive", IF(N13<0.2,"Moderate","Safe Seat"))) -> Safe Seat | P13: 0 | Q13: 2026
A14: 13 | C14: Nilphamari-2 | D14: Alfaruk Abdul Latif | E14: Jamaat | F14: =IF(E14="BNP",1, IF(E14="Jamaat",2, IF(E14="AL",3, IF(E14="JP",4, IF(E14="IND",5,0))))) -> 2 | G14: 145202 | H14: =G14/(G14+K14)*100 -> 51.898449 | I14: Shahrin Islam Tuhin | J14: BNP | K14: 134579 | L14: =K14/(G14+K14)*100 -> 48.101551 | M14: 10623 | N14: =(G14-K14)/(G14+K14)*100 -> 3.7968983 | O14: =IF(N14<5,"Highly Competitive", IF(N14<0.1,"Competitive", IF(N14<0.2,"Moderate","Safe Seat"))) -> Highly Competitive | P14: 0 | Q14: 2026
... A34: 33 | C34: Gaibandha-5 | D34: Md. Abdul Warres | E34: Jamaat | F34: =IF(E34="BNP",1, IF(E34="Jamaat",2, IF(E34="AL",3, IF(E34="JP",4, IF(E34="IND",5,0))))) -> 2 | G34: 89274 | H34: =G34/(G34+K34)*100 -> 54.851097 | I34: Md. Farooq Alam Sarkar | J34: BNP | K34: 73483 | L34: =K34/(G34+K34)*100 -> 45.148903 | M34: 15791 | N34: =(G34-K34)/(G34+K34)*100 -> 9.7021941 | O34: =IF(N34<5,"Highly Competitive", IF(N34<0.1,"Competitive", IF(N34<0.2,"Moderate","Safe Seat"))) -> Safe Seat | P34: 0 | Q34: 2026
A35: 34 | B35: Rajshahi | C35: Joypurhat-1 | D35: Md. Fazlur Rahman Sayeed | E35: Jamaat | F35: =IF(E35="BNP",1, IF(E35="Jamaat",2, IF(E35="AL",3, IF(E35="JP",4, IF(E35="IND",5,0))))) -> 2 | G35: 165192 | H35: =G35/(G35+K35)*100 -> 51.541805 | I35: Md. Masud Rana Pradhan | J35: BNP | K35: 155309 | L35: =K35/(G35+K35)*100 -> 48.458195 | M35: 9883 | N35: =(G35-K35)/(G35+K35)*100 -> 3.0836097 | O35: =IF(N35<5,"Highly Competitive", IF(N35<0.1,"Competitive", IF(N35<0.2,"Moderate","Safe Seat"))) -> Highly Competitive | P35: 0 | Q35: 2026
A36: 35 | C36: Joypurhat-2 | D36: Md. Abdul Bari | E36: BNP | F36: =IF(E36="BNP",1, IF(E36="Jamaat",2, IF(E36="AL",3, IF(E36="JP",4, IF(E36="IND",5,0))))) -> 1 | G36: 158065 | H36: =G36/(G36+K36)*100 -> 63.079152 | I36: SM Rashedul Alam | J36: Jamaat | K36: 92517 | L36: =K36/(G36+K36)*100 -> 36.920848 | M36: 65548 | N36: =(G36-K36)/(G36+K36)*100 -> 26.158303 | O36: =IF(N36<5,"Highly Competitive", IF(N36<0.1,"Competitive", IF(N36<0.2,"Moderate","Safe Seat"))) -> Safe Seat | P36: 0 | Q36: 2026
A37: 36 | C37: Bogura-1 | D37: Kazi Rafiqul Islam | E37: BNP | F37: =IF(E37="BNP",1, IF(E37="Jamaat",2, IF(E37="AL",3, IF(E37="JP",4, IF(E37="IND",5,0))))) -> 1 | G37: 171440 | H37: =G37/(G37+K37)*100 -> 74.734415 | I37: Md. Shahabuddin | J37: Jamaat | K37: 57959 | L37: =K37/(G37+K37)*100 -> 25.265585 | M37: 113481 | N37: =(G37-K37)/(G37+K37)*100 -> 49.468829 | O37: =IF(N37<5,"Highly Competitive", IF(N37<0.1,"Competitive", IF(N37<0.2,"Moderate","Safe Seat"))) -> Safe Seat | P37: 0 | Q37: 2026
A38: 37 | C38: Bogura-2 | D38: Mir Shahe Alam | E38: BNP | F38: =IF(E38="BNP",1, IF(E38="Jamaat",2, IF(E38="AL",3, IF(E38="JP",4, IF(E38="IND",5,0))))) -> 1 | G38: 145024 | H38: =G38/(G38+K38)*100 -> 60.788357 | I38: Abul Azad Md Shahaduzzaman | J38: Jamaat | K38: 93548 | L38: =K38/(G38+K38)*100 -> 39.211643 | M38: 51476 | N38: =(G38-K38)/(G38+K38)*100 -> 21.576715 | O38: =IF(N38<5,"Highly Competitive", IF(N38<0.1,"Competitive", IF(N38<0.2,"Moderate","Safe Seat"))) -> Safe Seat | P38: 0 | Q38: 2026
A39: 38 | C39: Bogura-3 | D39: Md. Abdul Mohit Talukder | E39: BNP | F39: =IF(E39="BNP",1, IF(E39="Jamaat",2, IF(E39="AL",3, IF(E39="JP",4, IF(E39="IND",5,0))))) -> 1 | G39: 127406 | H39: =G39/(G39+K39)*100 -> 53.434942 | I39: Noor Mohammad | J39: Jamaat | K39: 111026 | L39: =K39/(G39+K39)*100 -> 46.565058 | M39: 16380 | N39: =(G39-K39)/(G39+K39)*100 -> 6.8698832 | O39: =IF(N39<5,"Highly Competitive", IF(N39<0.1,"Competitive", IF(N39<0.2,"Moderate","Safe Seat"))) -> Safe Seat | P39: 0 | Q39: 2026
A40: 39 | C40: Bogura-4 | D40: Md. Mosharraf Hossain | E40: BNP | F40: =IF(E40="BNP",1, IF(E40="Jamaat",2, IF(E40="AL",3, IF(E40="JP",4, IF(E40="IND",5,0))))) -> 1 | G40: 155339 | H40: =G40/(G40+K40)*100 -> 58.769962 | I40: Md. Mustafa Faisal | J40: Jamaat | K40: 108978 | L40: =K40/(G40+K40)*100 -> 41.230038 | M40: 46361 | N40: =(G40-K40)/(G40+K40)*100 -> 17.539924 | O40: =IF(N40<5,"Highly Competitive", IF(N40<0.1,"Competitive", IF(N40<0.2,"Moderate","Safe Seat"))) -> Safe Seat | P40: 0 | Q40: 2026
A41: 40 | C41: Bogura-5 | D41: Gholam Mohammad Siraj | E41: BNP | F41: =IF(E41="BNP",1, IF(E41="Jamaat",2, IF(E41="AL",3, IF(E41="JP",4, IF(E41="IND",5,0))))) -> 1 | G41: 248841 | H41: =G41/(G41+K41)*100 -> 63.452329 | I41: Md. Dabibur Rahman | J41: Jamaat | K41: 143329 | L41: =K41/(G41+K41)*100 -> 36.547671 | M41: 105512 | N41: =(G41-K41)/(G41+K41)*100 -> 26.904659 | O41: =IF(N41<5,"Highly Competitive", IF(N41<0.1,"Competitive", IF(N41<0.2,"Moderate","Safe Seat"))) -> Safe Seat | P41: 0 | Q41: 2026
A42: 41 | C42: Bogura-6 | D42: Tarique Rahman | E42: BNP | F42: =IF(E42="BNP",1, IF(E42="Jamaat",2, IF(E42="AL",3, IF(E42="JP",4, IF(E42="IND",5,0))))) -> 1 | G42: 216284 | H42: =G42/(G42+K42)*100 -> 68.900003 | I42: Md. Abidur Rahman | J42: Jamaat | K42: 97626 | L42: =K42/(G42+K42)*100 -> 31.099997 | M42: 118658 | N42: =(G42-K42)/(G42+K42)*100 -> 37.800006 | O42: =IF(N42<5,"Highly Competitive", IF(N42<0.1,"Competitive", IF(N42<0.2,"Moderate","Safe Seat"))) -> Safe Seat | P42: 0 | Q42: 2026
A43: 42 | C43: Bogura-7 | D43: Morshed Milton | E43: BNP | F43: =IF(E43="BNP",1, IF(E43="Jamaat",2, IF(E43="AL",3, IF(E43="JP",4, IF(E43="IND",5,0))))) -> 1 | G43: 264212 | H43: =G43/(G43+K43)*100 -> 69.369376 | I43: Md. Golam Rabbani | J43: Jamaat | K43: 116665 | L43: =K43/(G43+K43)*100 -> 30.630624 | M43: 147547 | N43: =(G43-K43)/(G43+K43)*100 -> 38.738753 | O43: =IF(N43<5,"Highly Competitive", IF(N43<0.1,"Competitive", IF(N43<0.2,"Moderate","Safe Seat"))) -> Safe Seat | P43: 0 | Q43: 2026
